Raw Data,Notes,Major Category,Frame limits,Frame image name,CPC filename,Institution,Project,Station,Location,Country,Sitename,Site ID,Site Code,Latitude,Longtitude,Easting,Northing,Projection,Datum,Transect,Transect Direction,Transect Length,Depth,Quad,Habitat,Water Quality,Photo date,Photo time,Photographer,Camera,Lens,Analysis date,Analysis tech
TWB,,TWB,*,C:\CPCe_41_inst\So. Pagawanen\Transect 3\GOPR3156.JPG,C:\CPCe_41_inst\So. Pagawanen\Transect 3\GOPR3156.cpc,,,,,,,,,,,,,,,,,,,,,,,,,,,,
MA,,AL,,C:\CPCe_41_inst\So. Pagawanen\Transect 3\GOPR3156.JPG,C:\CPCe_41_inst\So. Pagawanen\Transect 3\GOPR3156.cpc,,,,,,,,,,,,,,,,,,,,,,,,,,,,
MA,,AL,,C:\CPCe_41_inst\So. Pagawanen\Transect 3\GOPR3156.JPG,C:\CPCe_41_inst\So. Pagawanen\Transect 3\GOPR3156.cpc,,,,,,,,,,,,,,,,,,,,,,,,,,,,
MA,,AL,,C:\CPCe_41_inst\So. Pagawanen\Transect 3\GOPR3156.JPG,C:\CPCe_41_inst\So. Pagawanen\Transect 3\GOPR3156.cpc,,,,,,,,,,,,,,,,,,,,,,,,,,,,
CM,,HC,,C:\CPCe_41_inst\So. Pagawanen\Transect 3\GOPR3156.JPG,C:\CPCe_41_inst\So. Pagawanen\Transect 3\GOPR3156.cpc,,,,,,,,,,,,,,,,,,,,,,,,,,,,
MA,,AL,,C:\CPCe_41_inst\So. Pagawanen\Transect 3\GOPR3156.JPG,C:\CPCe_41_inst\So. Pagawanen\Transect 3\GOPR3156.cpc,,,,,,,,,,,,,,,,,,,,,,,,,,,,
CM,,HC,,C:\CPCe_41_inst\So. Pagawanen\Transect 3\GOPR3156.JPG,C:\CPCe_41_inst\So. Pagawanen\Transect 3\GOPR3156.cpc,,,,,,,,,,,,,,,,,,,,,,,,,,,,
CM,,HC,,C:\CPCe_41_inst\So. Pagawanen\Transect 3\GOPR3156.JPG,C:\CPCe_41_inst\So. Pagawanen\Transect 3\GOPR3156.cpc,,,,,,,,,,,,,,,,,,,,,,,,,,,,
MA,,AL,,C:\CPCe_41_inst\So. Pagawanen\Transect 3\GOPR3156.JPG,C:\CPCe_41_inst\So. Pagawanen\Transect 3\GOPR3156.cpc,,,,,,,,,,,,,,,,,,,,,,,,,,,,
MA,,AL,**,C:\CPCe_41_inst\So. Pagawanen\Transect 3\GOPR3156.JPG,C:\CPCe_41_inst\So. Pagawanen\Transect 3\GOPR3156.cpc,,,,,,,,,,,,,,,,,,,,,,,,,,,,
MA,,AL,*,C:\CPCe_41_inst\So. Pagawanen\Transect 3\GOPR3157.JPG,C:\CPCe_41_inst\So. Pagawanen\Transect 3\GOPR3157.cpc,,,,,,,,,,,,,,,,,,,,,,,,,,,,
R,,AB,,C:\CPCe_41_inst\So. Pagawanen\Transect 3\GOPR3157.JPG,C:\CPCe_41_inst\So. Pagawanen\Transect 3\GOPR3157.cpc,,,,,,,,,,,,,,,,,,,,,,,,,,,,
CM,,HC,,C:\CPCe_41_inst\So. Pagawanen\Transect 3\GOPR3157.JPG,C:\CPCe_41_inst\So. Pagawanen\Transect 3\GOPR3157.cpc,,,,,,,,,,,,,,,,,,,,,,,,,,,,
DC,,DC,,C:\CPCe_41_inst\So. Pagawanen\Transect 3\GOPR3157.JPG,C:\CPCe_41_inst\So. Pagawanen\Transect 3\GOPR3157.cpc,,,,,,,,,,,,,,,,,,,,,,,,,,,,
S,,AB,,C:\CPCe_41_inst\So. Pagawanen\Transect 3\GOPR3157.JPG,C:\CPCe_41_inst\So. Pagawanen\Transect 3\GOPR3157.cpc,,,,,,,,,,,,,,,,,,,,,,,,,,,,
R,,AB,,C:\CPCe_41_inst\So. Pagawanen\Transect 3\GOPR3157.JPG,C:\CPCe_41_inst\So. Pagawanen\Transect 3\GOPR3157.cpc,,,,,,,,,,,,,,,,,,,,,,,,,,,,
R,,AB,,C:\CPCe_41_inst\So. Pagawanen\Transect 3\GOPR3157.JPG,C:\CPCe_41_inst\So. Pagawanen\Transect 3\GOPR3157.cpc,,,,,,,,,,,,,,,,,,,,,,,,,,,,
DC,,DC,,C:\CPCe_41_inst\So. Pagawanen\Transect 3\GOPR3157.JPG,C:\CPCe_41_inst\So. Pagawanen\Transect 3\GOPR3157.cpc,,,,,,,,,,,,,,,,,,,,,,,,,,,,
S,,AB,,C:\CPCe_41_inst\So. Pagawanen\Transect 3\GOPR3157.JPG,C:\CPCe_41_inst\So. Pagawanen\Transect 3\GOPR3157.cpc,,,,,,,,,,,,,,,,,,,,,,,,,,,,
DC,,DC,**,C:\CPCe_41_inst\So. Pagawanen\Transect 3\GOPR3157.JPG,C:\CPCe_41_inst\So. Pagawanen\Transect 3\GOPR3157.cpc,,,,,,,,,,,,,,,,,,,,,,,,,,,,
DC,,DC,*,C:\CPCe_41_inst\So. Pagawanen\Transect 3\GOPR3158.JPG,C:\CPCe_41_inst\So. Pagawanen\Transect 3\GOPR3158.cpc,,,,,,,,,,,,,,,,,,,,,,,,,,,,
R,,AB,,C:\CPCe_41_inst\So. Pagawanen\Transect 3\GOPR3158.JPG,C:\CPCe_41_inst\So. Pagawanen\Transect 3\GOPR3158.cpc,,,,,,,,,,,,,,,,,,,,,,,,,,,,
MA,,AL,,C:\CPCe_41_inst\So. Pagawanen\Transect 3\GOPR3158.JPG,C:\CPCe_41_inst\So. Pagawanen\Transect 3\GOPR3158.cpc,,,,,,,,,,,,,,,,,,,,,,,,,,,,
MA,,AL,,C:\CPCe_41_inst\So. Pagawanen\Transect 3\GOPR3158.JPG,C:\CPCe_41_inst\So. Pagawanen\Transect 3\GOPR3158.cpc,,,,,,,,,,,,,,,,,,,,,,,,,,,,
R,,AB,,C:\CPCe_41_inst\So. Pagawanen\Transect 3\GOPR3158.JPG,C:\CPCe_41_inst\So. Pagawanen\Transect 3\GOPR3158.cpc,,,,,,,,,,,,,,,,,,,,,,,,,,,,
R,,AB,,C:\CPCe_41_inst\So. Pagawanen\Transect 3\GOPR3158.JPG,C:\CPCe_41_inst\So. Pagawanen\Transect 3\GOPR3158.cpc,,,,,,,,,,,,,,,,,,,,,,,,,,,,
R,,AB,,C:\CPCe_41_inst\So. Pagawanen\Transect 3\GOPR3158.JPG,C:\CPCe_41_inst\So. Pagawanen\Transect 3\GOPR3158.cpc,,,,,,,,,,,,,,,,,,,,,,,,,,,,
S,,AB,,C:\CPCe_41_inst\So. Pagawanen\Transect 3\GOPR3158.JPG,C:\CPCe_41_inst\So. Pagawanen\Transect 3\GOPR3158.cpc,,,,,,,,,,,,,,,,,,,,,,,,,,,,
R,,AB,,C:\CPCe_41_inst\So. Pagawanen\Transect 3\GOPR3158.JPG,C:\CPCe_41_inst\So. Pagawanen\Transect 3\GOPR3158.cpc,,,,,,,,,,,,,,,,,,,,,,,,,,,,
DCA,,DC,**,C:\CPCe_41_inst\So. Pagawanen\Transect 3\GOPR3158.JPG,C:\CPCe_41_inst\So. Pagawanen\Transect 3\GOPR3158.cpc,,,,,,,,,,,,,,,,,,,,,,,,,,,,
S,,AB,*,C:\CPCe_41_inst\So. Pagawanen\Transect 3\GOPR3159.JPG,C:\CPCe_41_inst\So. Pagawanen\Transect 3\GOPR3159.cpc,,,,,,,,,,,,,,,,,,,,,,,,,,,,
S,,AB,,C:\CPCe_41_inst\So. Pagawanen\Transect 3\GOPR3159.JPG,C:\CPCe_41_inst\So. Pagawanen\Transect 3\GOPR3159.cpc,,,,,,,,,,,,,,,,,,,,,,,,,,,,
S,,AB,,C:\CPCe_41_inst\So. Pagawanen\Transect 3\GOPR3159.JPG,C:\CPCe_41_inst\So. Pagawanen\Transect 3\GOPR3159.cpc,,,,,,,,,,,,,,,,,,,,,,,,,,,,
MA,,AL,,C:\CPCe_41_inst\So. Pagawanen\Transect 3\GOPR3159.JPG,C:\CPCe_41_inst\So. Pagawanen\Transect 3\GOPR3159.cpc,,,,,,,,,,,,,,,,,,,,,,,,,,,,
R,,AB,,C:\CPCe_41_inst\So. Pagawanen\Transect 3\GOPR3159.JPG,C:\CPCe_41_inst\So. Pagawanen\Transect 3\GOPR3159.cpc,,,,,,,,,,,,,,,,,,,,,,,,,,,,
R,,AB,,C:\CPCe_41_inst\So. Pagawanen\Transect 3\GOPR3159.JPG,C:\CPCe_41_inst\So. Pagawanen\Transect 3\GOPR3159.cpc,,,,,,,,,,,,,,,,,,,,,,,,,,,,
MA,,AL,,C:\CPCe_41_inst\So. Pagawanen\Transect 3\GOPR3159.JPG,C:\CPCe_41_inst\So. Pagawanen\Transect 3\GOPR3159.cpc,,,,,,,,,,,,,,,,,,,,,,,,,,,,
DC,,DC,,C:\CPCe_41_inst\So. Pagawanen\Transect 3\GOPR3159.JPG,C:\CPCe_41_inst\So. Pagawanen\Transect 3\GOPR3159.cpc,,,,,,,,,,,,,,,,,,,,,,,,,,,,
R,,AB,,C:\CPCe_41_inst\So. Pagawanen\Transect 3\GOPR3159.JPG,C:\CPCe_41_inst\So. Pagawanen\Transect 3\GOPR3159.cpc,,,,,,,,,,,,,,,,,,,,,,,,,,,,
R,,AB,**,C:\CPCe_41_inst\So. Pagawanen\Transect 3\GOPR3159.JPG,C:\CPCe_41_inst\So. Pagawanen\Transect 3\GOPR3159.cpc,,,,,,,,,,,,,,,,,,,,,,,,,,,,
DC,,DC,*,C:\CPCe_41_inst\So. Pagawanen\Transect 3\GOPR3160.JPG,C:\CPCe_41_inst\So. Pagawanen\Transect 3\GOPR3160.cpc,,,,,,,,,,,,,,,,,,,,,,,,,,,,
R,,AB,,C:\CPCe_41_inst\So. Pagawanen\Transect 3\GOPR3160.JPG,C:\CPCe_41_inst\So. Pagawanen\Transect 3\GOPR3160.cpc,,,,,,,,,,,,,,,,,,,,,,,,,,,,
R,,AB,,C:\CPCe_41_inst\So. Pagawanen\Transect 3\GOPR3160.JPG,C:\CPCe_41_inst\So. Pagawanen\Transect 3\GOPR3160.cpc,,,,,,,,,,,,,,,,,,,,,,,,,,,,
R,,AB,,C:\CPCe_41_inst\So. Pagawanen\Transect 3\GOPR3160.JPG,C:\CPCe_41_inst\So. Pagawanen\Transect 3\GOPR3160.cpc,,,,,,,,,,,,,,,,,,,,,,,,,,,,
R,,AB,,C:\CPCe_41_inst\So. Pagawanen\Transect 3\GOPR3160.JPG,C:\CPCe_41_inst\So. Pagawanen\Transect 3\GOPR3160.cpc,,,,,,,,,,,,,,,,,,,,,,,,,,,,
R,,AB,,C:\CPCe_41_inst\So. Pagawanen\Transect 3\GOPR3160.JPG,C:\CPCe_41_inst\So. Pagawanen\Transect 3\GOPR3160.cpc,,,,,,,,,,,,,,,,,,,,,,,,,,,,
DC,,DC,,C:\CPCe_41_inst\So. Pagawanen\Transect 3\GOPR3160.JPG,C:\CPCe_41_inst\So. Pagawanen\Transect 3\GOPR3160.cpc,,,,,,,,,,,,,,,,,,,,,,,,,,,,
R,,AB,,C:\CPCe_41_inst\So. Pagawanen\Transect 3\GOPR3160.JPG,C:\CPCe_41_inst\So. Pagawanen\Transect 3\GOPR3160.cpc,,,,,,,,,,,,,,,,,,,,,,,,,,,,
S,,AB,,C:\CPCe_41_inst\So. Pagawanen\Transect 3\GOPR3160.JPG,C:\CPCe_41_inst\So. Pagawanen\Transect 3\GOPR3160.cpc,,,,,,,,,,,,,,,,,,,,,,,,,,,,
R,,AB,**,C:\CPCe_41_inst\So. Pagawanen\Transect 3\GOPR3160.JPG,C:\CPCe_41_inst\So. Pagawanen\Transect 3\GOPR3160.cpc,,,,,,,,,,,,,,,,,,,,,,,,,,,,
MA,,AL,*,C:\CPCe_41_inst\So. Pagawanen\Transect 3\GOPR3161.JPG,C:\CPCe_41_inst\So. Pagawanen\Transect 3\GOPR3161.cpc,,,,,,,,,,,,,,,,,,,,,,,,,,,,
S,,AB,,C:\CPCe_41_inst\So. Pagawanen\Transect 3\GOPR3161.JPG,C:\CPCe_41_inst\So. Pagawanen\Transect 3\GOPR3161.cpc,,,,,,,,,,,,,,,,,,,,,,,,,,,,
CM,,HC,,C:\CPCe_41_inst\So. Pagawanen\Transect 3\GOPR3161.JPG,C:\CPCe_41_inst\So. Pagawanen\Transect 3\GOPR3161.cpc,,,,,,,,,,,,,,,,,,,,,,,,,,,,
ACB,,HC,,C:\CPCe_41_inst\So. Pagawanen\Transect 3\GOPR3161.JPG,C:\CPCe_41_inst\So. Pagawanen\Transect 3\GOPR3161.cpc,,,,,,,,,,,,,,,,,,,,,,,,,,,,
S,,AB,,C:\CPCe_41_inst\So. Pagawanen\Transect 3\GOPR3161.JPG,C:\CPCe_41_inst\So. Pagawanen\Transect 3\GOPR3161.cpc,,,,,,,,,,,,,,,,,,,,,,,,,,,,
R,,AB,,C:\CPCe_41_inst\So. Pagawanen\Transect 3\GOPR3161.JPG,C:\CPCe_41_inst\So. Pagawanen\Transect 3\GOPR3161.cpc,,,,,,,,,,,,,,,,,,,,,,,,,,,,
S,,AB,,C:\CPCe_41_inst\So. Pagawanen\Transect 3\GOPR3161.JPG,C:\CPCe_41_inst\So. Pagawanen\Transect 3\GOPR3161.cpc,,,,,,,,,,,,,,,,,,,,,,,,,,,,
MA,,AL,,C:\CPCe_41_inst\So. Pagawanen\Transect 3\GOPR3161.JPG,C:\CPCe_41_inst\So. Pagawanen\Transect 3\GOPR3161.cpc,,,,,,,,,,,,,,,,,,,,,,,,,,,,
S,,AB,,C:\CPCe_41_inst\So. Pagawanen\Transect 3\GOPR3161.JPG,C:\CPCe_41_inst\So. Pagawanen\Transect 3\GOPR3161.cpc,,,,,,,,,,,,,,,,,,,,,,,,,,,,
S,,AB,**,C:\CPCe_41_inst\So. Pagawanen\Transect 3\GOPR3161.JPG,C:\CPCe_41_inst\So. Pagawanen\Transect 3\GOPR3161.cpc,,,,,,,,,,,,,,,,,,,,,,,,,,,,
S,,AB,*,C:\CPCe_41_inst\So. Pagawanen\Transect 3\GOPR3162.JPG,C:\CPCe_41_inst\So. Pagawanen\Transect 3\GOPR3162.cpc,,,,,,,,,,,,,,,,,,,,,,,,,,,,
DC,,DC,,C:\CPCe_41_inst\So. Pagawanen\Transect 3\GOPR3162.JPG,C:\CPCe_41_inst\So. Pagawanen\Transect 3\GOPR3162.cpc,,,,,,,,,,,,,,,,,,,,,,,,,,,,
DC,,DC,,C:\CPCe_41_inst\So. Pagawanen\Transect 3\GOPR3162.JPG,C:\CPCe_41_inst\So. Pagawanen\Transect 3\GOPR3162.cpc,,,,,,,,,,,,,,,,,,,,,,,,,,,,
MA,,AL,,C:\CPCe_41_inst\So. Pagawanen\Transect 3\GOPR3162.JPG,C:\CPCe_41_inst\So. Pagawanen\Transect 3\GOPR3162.cpc,,,,,,,,,,,,,,,,,,,,,,,,,,,,
R,,AB,,C:\CPCe_41_inst\So. Pagawanen\Transect 3\GOPR3162.JPG,C:\CPCe_41_inst\So. Pagawanen\Transect 3\GOPR3162.cpc,,,,,,,,,,,,,,,,,,,,,,,,,,,,
R,,AB,,C:\CPCe_41_inst\So. Pagawanen\Transect 3\GOPR3162.JPG,C:\CPCe_41_inst\So. Pagawanen\Transect 3\GOPR3162.cpc,,,,,,,,,,,,,,,,,,,,,,,,,,,,
MA,,AL,,C:\CPCe_41_inst\So. Pagawanen\Transect 3\GOPR3162.JPG,C:\CPCe_41_inst\So. Pagawanen\Transect 3\GOPR3162.cpc,,,,,,,,,,,,,,,,,,,,,,,,,,,,
S,,AB,,C:\CPCe_41_inst\So. Pagawanen\Transect 3\GOPR3162.JPG,C:\CPCe_41_inst\So. Pagawanen\Transect 3\GOPR3162.cpc,,,,,,,,,,,,,,,,,,,,,,,,,,,,
S,,AB,,C:\CPCe_41_inst\So. Pagawanen\Transect 3\GOPR3162.JPG,C:\CPCe_41_inst\So. Pagawanen\Transect 3\GOPR3162.cpc,,,,,,,,,,,,,,,,,,,,,,,,,,,,
CM,,HC,**,C:\CPCe_41_inst\So. Pagawanen\Transect 3\GOPR3162.JPG,C:\CPCe_41_inst\So. Pagawanen\Transect 3\GOPR3162.cpc,,,,,,,,,,,,,,,,,,,,,,,,,,,,
S,,AB,*,C:\CPCe_41_inst\So. Pagawanen\Transect 3\GOPR3163.JPG,C:\CPCe_41_inst\So. Pagawanen\Transect 3\GOPR3163.cpc,,,,,,,,,,,,,,,,,,,,,,,,,,,,
S,,AB,,C:\CPCe_41_inst\So. Pagawanen\Transect 3\GOPR3163.JPG,C:\CPCe_41_inst\So. Pagawanen\Transect 3\GOPR3163.cpc,,,,,,,,,,,,,,,,,,,,,,,,,,,,
S,,AB,,C:\CPCe_41_inst\So. Pagawanen\Transect 3\GOPR3163.JPG,C:\CPCe_41_inst\So. Pagawanen\Transect 3\GOPR3163.cpc,,,,,,,,,,,,,,,,,,,,,,,,,,,,
S,,AB,,C:\CPCe_41_inst\So. Pagawanen\Transect 3\GOPR3163.JPG,C:\CPCe_41_inst\So. Pagawanen\Transect 3\GOPR3163.cpc,,,,,,,,,,,,,,,,,,,,,,,,,,,,
TWB,,TWB,,C:\CPCe_41_inst\So. Pagawanen\Transect 3\GOPR3163.JPG,C:\CPCe_41_inst\So. Pagawanen\Transect 3\GOPR3163.cpc,,,,,,,,,,,,,,,,,,,,,,,,,,,,
S,,AB,,C:\CPCe_41_inst\So. Pagawanen\Transect 3\GOPR3163.JPG,C:\CPCe_41_inst\So. Pagawanen\Transect 3\GOPR3163.cpc,,,,,,,,,,,,,,,,,,,,,,,,,,,,
R,,AB,,C:\CPCe_41_inst\So. Pagawanen\Transect 3\GOPR3163.JPG,C:\CPCe_41_inst\So. Pagawanen\Transect 3\GOPR3163.cpc,,,,,,,,,,,,,,,,,,,,,,,,,,,,
R,,AB,,C:\CPCe_41_inst\So. Pagawanen\Transect 3\GOPR3163.JPG,C:\CPCe_41_inst\So. Pagawanen\Transect 3\GOPR3163.cpc,,,,,,,,,,,,,,,,,,,,,,,,,,,,
S,,AB,,C:\CPCe_41_inst\So. Pagawanen\Transect 3\GOPR3163.JPG,C:\CPCe_41_inst\So. Pagawanen\Transect 3\GOPR3163.cpc,,,,,,,,,,,,,,,,,,,,,,,,,,,,
S,,AB,**,C:\CPCe_41_inst\So. Pagawanen\Transect 3\GOPR3163.JPG,C:\CPCe_41_inst\So. Pagawanen\Transect 3\GOPR3163.cpc,,,,,,,,,,,,,,,,,,,,,,,,,,,,
DCA,,DC,*,C:\CPCe_41_inst\So. Pagawanen\Transect 3\GOPR3164.JPG,C:\CPCe_41_inst\So. Pagawanen\Transect 3\GOPR3164.cpc,,,,,,,,,,,,,,,,,,,,,,,,,,,,
S,,AB,,C:\CPCe_41_inst\So. Pagawanen\Transect 3\GOPR3164.JPG,C:\CPCe_41_inst\So. Pagawanen\Transect 3\GOPR3164.cpc,,,,,,,,,,,,,,,,,,,,,,,,,,,,
ACT,,HC,,C:\CPCe_41_inst\So. Pagawanen\Transect 3\GOPR3164.JPG,C:\CPCe_41_inst\So. Pagawanen\Transect 3\GOPR3164.cpc,,,,,,,,,,,,,,,,,,,,,,,,,,,,
S,,AB,,C:\CPCe_41_inst\So. Pagawanen\Transect 3\GOPR3164.JPG,C:\CPCe_41_inst\So. Pagawanen\Transect 3\GOPR3164.cpc,,,,,,,,,,,,,,,,,,,,,,,,,,,,
S,,AB,,C:\CPCe_41_inst\So. Pagawanen\Transect 3\GOPR3164.JPG,C:\CPCe_41_inst\So. Pagawanen\Transect 3\GOPR3164.cpc,,,,,,,,,,,,,,,,,,,,,,,,,,,,
S,,AB,,C:\CPCe_41_inst\So. Pagawanen\Transect 3\GOPR3164.JPG,C:\CPCe_41_inst\So. Pagawanen\Transect 3\GOPR3164.cpc,,,,,,,,,,,,,,,,,,,,,,,,,,,,
ACT,,HC,,C:\CPCe_41_inst\So. Pagawanen\Transect 3\GOPR3164.JPG,C:\CPCe_41_inst\So. Pagawanen\Transect 3\GOPR3164.cpc,,,,,,,,,,,,,,,,,,,,,,,,,,,,
S,,AB,,C:\CPCe_41_inst\So. Pagawanen\Transect 3\GOPR3164.JPG,C:\CPCe_41_inst\So. Pagawanen\Transect 3\GOPR3164.cpc,,,,,,,,,,,,,,,,,,,,,,,,,,,,
S,,AB,,C:\CPCe_41_inst\So. Pagawanen\Transect 3\GOPR3164.JPG,C:\CPCe_41_inst\So. Pagawanen\Transect 3\GOPR3164.cpc,,,,,,,,,,,,,,,,,,,,,,,,,,,,
MA,,AL,**,C:\CPCe_41_inst\So. Pagawanen\Transect 3\GOPR3164.JPG,C:\CPCe_41_inst\So. Pagawanen\Transect 3\GOPR3164.cpc,,,,,,,,,,,,,,,,,,,,,,,,,,,,
ACT,,HC,*,C:\CPCe_41_inst\So. Pagawanen\Transect 3\GOPR3165.JPG,C:\CPCe_41_inst\So. Pagawanen\Transect 3\GOPR3165.cpc,,,,,,,,,,,,,,,,,,,,,,,,,,,,
ACT,,HC,,C:\CPCe_41_inst\So. Pagawanen\Transect 3\GOPR3165.JPG,C:\CPCe_41_inst\So. Pagawanen\Transect 3\GOPR3165.cpc,,,,,,,,,,,,,,,,,,,,,,,,,,,,
ACT,,HC,,C:\CPCe_41_inst\So. Pagawanen\Transect 3\GOPR3165.JPG,C:\CPCe_41_inst\So. Pagawanen\Transect 3\GOPR3165.cpc,,,,,,,,,,,,,,,,,,,,,,,,,,,,
ACT,,HC,,C:\CPCe_41_inst\So. Pagawanen\Transect 3\GOPR3165.JPG,C:\CPCe_41_inst\So. Pagawanen\Transect 3\GOPR3165.cpc,,,,,,,,,,,,,,,,,,,,,,,,,,,,
ACT,,HC,,C:\CPCe_41_inst\So. Pagawanen\Transect 3\GOPR3165.JPG,C:\CPCe_41_inst\So. Pagawanen\Transect 3\GOPR3165.cpc,,,,,,,,,,,,,,,,,,,,,,,,,,,,
ACT,,HC,,C:\CPCe_41_inst\So. Pagawanen\Transect 3\GOPR3165.JPG,C:\CPCe_41_inst\So. Pagawanen\Transect 3\GOPR3165.cpc,,,,,,,,,,,,,,,,,,,,,,,,,,,,
ACT,,HC,,C:\CPCe_41_inst\So. Pagawanen\Transect 3\GOPR3165.JPG,C:\CPCe_41_inst\So. Pagawanen\Transect 3\GOPR3165.cpc,,,,,,,,,,,,,,,,,,,,,,,,,,,,
ACT,,HC,,C:\CPCe_41_inst\So. Pagawanen\Transect 3\GOPR3165.JPG,C:\CPCe_41_inst\So. Pagawanen\Transect 3\GOPR3165.cpc,,,,,,,,,,,,,,,,,,,,,,,,,,,,
ACT,,HC,,C:\CPCe_41_inst\So. Pagawanen\Transect 3\GOPR3165.JPG,C:\CPCe_41_inst\So. Pagawanen\Transect 3\GOPR3165.cpc,,,,,,,,,,,,,,,,,,,,,,,,,,,,
ACT,,HC,**,C:\CPCe_41_inst\So. Pagawanen\Transect 3\GOPR3165.JPG,C:\CPCe_41_inst\So. Pagawanen\Transect 3\GOPR3165.cpc,,,,,,,,,,,,,,,,,,,,,,,,,,,,
ACT,,HC,*,C:\CPCe_41_inst\So. Pagawanen\Transect 3\GOPR3166.JPG,C:\CPCe_41_inst\So. Pagawanen\Transect 3\GOPR3166.cpc,,,,,,,,,,,,,,,,,,,,,,,,,,,,
ACT,,HC,,C:\CPCe_41_inst\So. Pagawanen\Transect 3\GOPR3166.JPG,C:\CPCe_41_inst\So. Pagawanen\Transect 3\GOPR3166.cpc,,,,,,,,,,,,,,,,,,,,,,,,,,,,
ACT,,HC,,C:\CPCe_41_inst\So. Pagawanen\Transect 3\GOPR3166.JPG,C:\CPCe_41_inst\So. Pagawanen\Transect 3\GOPR3166.cpc,,,,,,,,,,,,,,,,,,,,,,,,,,,,
ACT,,HC,,C:\CPCe_41_inst\So. Pagawanen\Transect 3\GOPR3166.JPG,C:\CPCe_41_inst\So. Pagawanen\Transect 3\GOPR3166.cpc,,,,,,,,,,,,,,,,,,,,,,,,,,,,
MA,,AL,,C:\CPCe_41_inst\So. Pagawanen\Transect 3\GOPR3166.JPG,C:\CPCe_41_inst\So. Pagawanen\Transect 3\GOPR3166.cpc,,,,,,,,,,,,,,,,,,,,,,,,,,,,
ACT,,HC,,C:\CPCe_41_inst\So. Pagawanen\Transect 3\GOPR3166.JPG,C:\CPCe_41_inst\So. Pagawanen\Transect 3\GOPR3166.cpc,,,,,,,,,,,,,,,,,,,,,,,,,,,,
ACT,,HC,,C:\CPCe_41_inst\So. Pagawanen\Transect 3\GOPR3166.JPG,C:\CPCe_41_inst\So. Pagawanen\Transect 3\GOPR3166.cpc,,,,,,,,,,,,,,,,,,,,,,,,,,,,
ACT,,HC,,C:\CPCe_41_inst\So. Pagawanen\Transect 3\GOPR3166.JPG,C:\CPCe_41_inst\So. Pagawanen\Transect 3\GOPR3166.cpc,,,,,,,,,,,,,,,,,,,,,,,,,,,,
ACT,,HC,,C:\CPCe_41_inst\So. Pagawanen\Transect 3\GOPR3166.JPG,C:\CPCe_41_inst\So. Pagawanen\Transect 3\GOPR3166.cpc,,,,,,,,,,,,,,,,,,,,,,,,,,,,
ACT,,HC,**,C:\CPCe_41_inst\So. Pagawanen\Transect 3\GOPR3166.JPG,C:\CPCe_41_inst\So. Pagawanen\Transect 3\GOPR3166.cpc,,,,,,,,,,,,,,,,,,,,,,,,,,,,
CM,,HC,*,C:\CPCe_41_inst\So. Pagawanen\Transect 3\GOPR3167.JPG,C:\CPCe_41_inst\So. Pagawanen\Transect 3\GOPR3167.cpc,,,,,,,,,,,,,,,,,,,,,,,,,,,,
MA,,AL,,C:\CPCe_41_inst\So. Pagawanen\Transect 3\GOPR3167.JPG,C:\CPCe_41_inst\So. Pagawanen\Transect 3\GOPR3167.cpc,,,,,,,,,,,,,,,,,,,,,,,,,,,,
S,,AB,,C:\CPCe_41_inst\So. Pagawanen\Transect 3\GOPR3167.JPG,C:\CPCe_41_inst\So. Pagawanen\Transect 3\GOPR3167.cpc,,,,,,,,,,,,,,,,,,,,,,,,,,,,
S,,AB,,C:\CPCe_41_inst\So. Pagawanen\Transect 3\GOPR3167.JPG,C:\CPCe_41_inst\So. Pagawanen\Transect 3\GOPR3167.cpc,,,,,,,,,,,,,,,,,,,,,,,,,,,,
MA,,AL,,C:\CPCe_41_inst\So. Pagawanen\Transect 3\GOPR3167.JPG,C:\CPCe_41_inst\So. Pagawanen\Transect 3\GOPR3167.cpc,,,,,,,,,,,,,,,,,,,,,,,,,,,,
S,,AB,,C:\CPCe_41_inst\So. Pagawanen\Transect 3\GOPR3167.JPG,C:\CPCe_41_inst\So. Pagawanen\Transect 3\GOPR3167.cpc,,,,,,,,,,,,,,,,,,,,,,,,,,,,
MA,,AL,,C:\CPCe_41_inst\So. Pagawanen\Transect 3\GOPR3167.JPG,C:\CPCe_41_inst\So. Pagawanen\Transect 3\GOPR3167.cpc,,,,,,,,,,,,,,,,,,,,,,,,,,,,
R,,AB,,C:\CPCe_41_inst\So. Pagawanen\Transect 3\GOPR3167.JPG,C:\CPCe_41_inst\So. Pagawanen\Transect 3\GOPR3167.cpc,,,,,,,,,,,,,,,,,,,,,,,,,,,,
R,,AB,,C:\CPCe_41_inst\So. Pagawanen\Transect 3\GOPR3167.JPG,C:\CPCe_41_inst\So. Pagawanen\Transect 3\GOPR3167.cpc,,,,,,,,,,,,,,,,,,,,,,,,,,,,
R,,AB,**,C:\CPCe_41_inst\So. Pagawanen\Transect 3\GOPR3167.JPG,C:\CPCe_41_inst\So. Pagawanen\Transect 3\GOPR3167.cpc,,,,,,,,,,,,,,,,,,,,,,,,,,,,
CF,,HC,*,C:\CPCe_41_inst\So. Pagawanen\Transect 3\GOPR3168.JPG,C:\CPCe_41_inst\So. Pagawanen\Transect 3\GOPR3168.cpc,,,,,,,,,,,,,,,,,,,,,,,,,,,,
CF,,HC,,C:\CPCe_41_inst\So. Pagawanen\Transect 3\GOPR3168.JPG,C:\CPCe_41_inst\So. Pagawanen\Transect 3\GOPR3168.cpc,,,,,,,,,,,,,,,,,,,,,,,,,,,,
S,,AB,,C:\CPCe_41_inst\So. Pagawanen\Transect 3\GOPR3168.JPG,C:\CPCe_41_inst\So. Pagawanen\Transect 3\GOPR3168.cpc,,,,,,,,,,,,,,,,,,,,,,,,,,,,
CM,,HC,,C:\CPCe_41_inst\So. Pagawanen\Transect 3\GOPR3168.JPG,C:\CPCe_41_inst\So. Pagawanen\Transect 3\GOPR3168.cpc,,,,,,,,,,,,,,,,,,,,,,,,,,,,
R,,AB,,C:\CPCe_41_inst\So. Pagawanen\Transect 3\GOPR3168.JPG,C:\CPCe_41_inst\So. Pagawanen\Transect 3\GOPR3168.cpc,,,,,,,,,,,,,,,,,,,,,,,,,,,,
DC,,DC,,C:\CPCe_41_inst\So. Pagawanen\Transect 3\GOPR3168.JPG,C:\CPCe_41_inst\So. Pagawanen\Transect 3\GOPR3168.cpc,,,,,,,,,,,,,,,,,,,,,,,,,,,,
DC,,DC,,C:\CPCe_41_inst\So. Pagawanen\Transect 3\GOPR3168.JPG,C:\CPCe_41_inst\So. Pagawanen\Transect 3\GOPR3168.cpc,,,,,,,,,,,,,,,,,,,,,,,,,,,,
MA,,AL,,C:\CPCe_41_inst\So. Pagawanen\Transect 3\GOPR3168.JPG,C:\CPCe_41_inst\So. Pagawanen\Transect 3\GOPR3168.cpc,,,,,,,,,,,,,,,,,,,,,,,,,,,,
DC,,DC,,C:\CPCe_41_inst\So. Pagawanen\Transect 3\GOPR3168.JPG,C:\CPCe_41_inst\So. Pagawanen\Transect 3\GOPR3168.cpc,,,,,,,,,,,,,,,,,,,,,,,,,,,,
MA,,AL,**,C:\CPCe_41_inst\So. Pagawanen\Transect 3\GOPR3168.JPG,C:\CPCe_41_inst\So. Pagawanen\Transect 3\GOPR3168.cpc,,,,,,,,,,,,,,,,,,,,,,,,,,,,
MA,,AL,*,C:\CPCe_41_inst\So. Pagawanen\Transect 3\GOPR3169.JPG,C:\CPCe_41_inst\So. Pagawanen\Transect 3\GOPR3169.cpc,,,,,,,,,,,,,,,,,,,,,,,,,,,,
S,,AB,,C:\CPCe_41_inst\So. Pagawanen\Transect 3\GOPR3169.JPG,C:\CPCe_41_inst\So. Pagawanen\Transect 3\GOPR3169.cpc,,,,,,,,,,,,,,,,,,,,,,,,,,,,
DCA,,DC,,C:\CPCe_41_inst\So. Pagawanen\Transect 3\GOPR3169.JPG,C:\CPCe_41_inst\So. Pagawanen\Transect 3\GOPR3169.cpc,,,,,,,,,,,,,,,,,,,,,,,,,,,,
DC,,DC,,C:\CPCe_41_inst\So. Pagawanen\Transect 3\GOPR3169.JPG,C:\CPCe_41_inst\So. Pagawanen\Transect 3\GOPR3169.cpc,,,,,,,,,,,,,,,,,,,,,,,,,,,,
S,,AB,,C:\CPCe_41_inst\So. Pagawanen\Transect 3\GOPR3169.JPG,C:\CPCe_41_inst\So. Pagawanen\Transect 3\GOPR3169.cpc,,,,,,,,,,,,,,,,,,,,,,,,,,,,
MA,,AL,,C:\CPCe_41_inst\So. Pagawanen\Transect 3\GOPR3169.JPG,C:\CPCe_41_inst\So. Pagawanen\Transect 3\GOPR3169.cpc,,,,,,,,,,,,,,,,,,,,,,,,,,,,
MA,,AL,,C:\CPCe_41_inst\So. Pagawanen\Transect 3\GOPR3169.JPG,C:\CPCe_41_inst\So. Pagawanen\Transect 3\GOPR3169.cpc,,,,,,,,,,,,,,,,,,,,,,,,,,,,
CM,,HC,,C:\CPCe_41_inst\So. Pagawanen\Transect 3\GOPR3169.JPG,C:\CPCe_41_inst\So. Pagawanen\Transect 3\GOPR3169.cpc,,,,,,,,,,,,,,,,,,,,,,,,,,,,
R,,AB,,C:\CPCe_41_inst\So. Pagawanen\Transect 3\GOPR3169.JPG,C:\CPCe_41_inst\So. Pagawanen\Transect 3\GOPR3169.cpc,,,,,,,,,,,,,,,,,,,,,,,,,,,,
S,,AB,**,C:\CPCe_41_inst\So. Pagawanen\Transect 3\GOPR3169.JPG,C:\CPCe_41_inst\So. Pagawanen\Transect 3\GOPR3169.cpc,,,,,,,,,,,,,,,,,,,,,,,,,,,,
S,,AB,*,C:\CPCe_41_inst\So. Pagawanen\Transect 3\GOPR3170.JPG,C:\CPCe_41_inst\So. Pagawanen\Transect 3\GOPR3170.cpc,,,,,,,,,,,,,,,,,,,,,,,,,,,,
DCA,,DC,,C:\CPCe_41_inst\So. Pagawanen\Transect 3\GOPR3170.JPG,C:\CPCe_41_inst\So. Pagawanen\Transect 3\GOPR3170.cpc,,,,,,,,,,,,,,,,,,,,,,,,,,,,
DCA,,DC,,C:\CPCe_41_inst\So. Pagawanen\Transect 3\GOPR3170.JPG,C:\CPCe_41_inst\So. Pagawanen\Transect 3\GOPR3170.cpc,,,,,,,,,,,,,,,,,,,,,,,,,,,,
S,,AB,,C:\CPCe_41_inst\So. Pagawanen\Transect 3\GOPR3170.JPG,C:\CPCe_41_inst\So. Pagawanen\Transect 3\GOPR3170.cpc,,,,,,,,,,,,,,,,,,,,,,,,,,,,
S,,AB,,C:\CPCe_41_inst\So. Pagawanen\Transect 3\GOPR3170.JPG,C:\CPCe_41_inst\So. Pagawanen\Transect 3\GOPR3170.cpc,,,,,,,,,,,,,,,,,,,,,,,,,,,,
MA,,AL,,C:\CPCe_41_inst\So. Pagawanen\Transect 3\GOPR3170.JPG,C:\CPCe_41_inst\So. Pagawanen\Transect 3\GOPR3170.cpc,,,,,,,,,,,,,,,,,,,,,,,,,,,,
DCA,,DC,,C:\CPCe_41_inst\So. Pagawanen\Transect 3\GOPR3170.JPG,C:\CPCe_41_inst\So. Pagawanen\Transect 3\GOPR3170.cpc,,,,,,,,,,,,,,,,,,,,,,,,,,,,
CHL,,HC,,C:\CPCe_41_inst\So. Pagawanen\Transect 3\GOPR3170.JPG,C:\CPCe_41_inst\So. Pagawanen\Transect 3\GOPR3170.cpc,,,,,,,,,,,,,,,,,,,,,,,,,,,,
S,,AB,,C:\CPCe_41_inst\So. Pagawanen\Transect 3\GOPR3170.JPG,C:\CPCe_41_inst\So. Pagawanen\Transect 3\GOPR3170.cpc,,,,,,,,,,,,,,,,,,,,,,,,,,,,
DCA,,DC,**,C:\CPCe_41_inst\So. Pagawanen\Transect 3\GOPR3170.JPG,C:\CPCe_41_inst\So. Pagawanen\Transect 3\GOPR3170.cpc,,,,,,,,,,,,,,,,,,,,,,,,,,,,
CM,,HC,*,C:\CPCe_41_inst\So. Pagawanen\Transect 3\GOPR3171.JPG,C:\CPCe_41_inst\So. Pagawanen\Transect 3\GOPR3171.cpc,,,,,,,,,,,,,,,,,,,,,,,,,,,,
TWB,,TWB,,C:\CPCe_41_inst\So. Pagawanen\Transect 3\GOPR3171.JPG,C:\CPCe_41_inst\So. Pagawanen\Transect 3\GOPR3171.cpc,,,,,,,,,,,,,,,,,,,,,,,,,,,,
ACB,,HC,,C:\CPCe_41_inst\So. Pagawanen\Transect 3\GOPR3171.JPG,C:\CPCe_41_inst\So. Pagawanen\Transect 3\GOPR3171.cpc,,,,,,,,,,,,,,,,,,,,,,,,,,,,
ACB,,HC,,C:\CPCe_41_inst\So. Pagawanen\Transect 3\GOPR3171.JPG,C:\CPCe_41_inst\So. Pagawanen\Transect 3\GOPR3171.cpc,,,,,,,,,,,,,,,,,,,,,,,,,,,,
ACB,,HC,,C:\CPCe_41_inst\So. Pagawanen\Transect 3\GOPR3171.JPG,C:\CPCe_41_inst\So. Pagawanen\Transect 3\GOPR3171.cpc,,,,,,,,,,,,,,,,,,,,,,,,,,,,
CM,,HC,,C:\CPCe_41_inst\So. Pagawanen\Transect 3\GOPR3171.JPG,C:\CPCe_41_inst\So. Pagawanen\Transect 3\GOPR3171.cpc,,,,,,,,,,,,,,,,,,,,,,,,,,,,
DCA,,DC,,C:\CPCe_41_inst\So. Pagawanen\Transect 3\GOPR3171.JPG,C:\CPCe_41_inst\So. Pagawanen\Transect 3\GOPR3171.cpc,,,,,,,,,,,,,,,,,,,,,,,,,,,,
DCA,,DC,,C:\CPCe_41_inst\So. Pagawanen\Transect 3\GOPR3171.JPG,C:\CPCe_41_inst\So. Pagawanen\Transect 3\GOPR3171.cpc,,,,,,,,,,,,,,,,,,,,,,,,,,,,
SI,,AB,,C:\CPCe_41_inst\So. Pagawanen\Transect 3\GOPR3171.JPG,C:\CPCe_41_inst\So. Pagawanen\Transect 3\GOPR3171.cpc,,,,,,,,,,,,,,,,,,,,,,,,,,,,
CM,,HC,**,C:\CPCe_41_inst\So. Pagawanen\Transect 3\GOPR3171.JPG,C:\CPCe_41_inst\So. Pagawanen\Transect 3\GOPR3171.cpc,,,,,,,,,,,,,,,,,,,,,,,,,,,,
ACB,,HC,*,C:\CPCe_41_inst\So. Pagawanen\Transect 3\GOPR3172.JPG,C:\CPCe_41_inst\So. Pagawanen\Transect 3\GOPR3172.cpc,,,,,,,,,,,,,,,,,,,,,,,,,,,,
ACB,,HC,,C:\CPCe_41_inst\So. Pagawanen\Transect 3\GOPR3172.JPG,C:\CPCe_41_inst\So. Pagawanen\Transect 3\GOPR3172.cpc,,,,,,,,,,,,,,,,,,,,,,,,,,,,
CM,,HC,,C:\CPCe_41_inst\So. Pagawanen\Transect 3\GOPR3172.JPG,C:\CPCe_41_inst\So. Pagawanen\Transect 3\GOPR3172.cpc,,,,,,,,,,,,,,,,,,,,,,,,,,,,
ACB,,HC,,C:\CPCe_41_inst\So. Pagawanen\Transect 3\GOPR3172.JPG,C:\CPCe_41_inst\So. Pagawanen\Transect 3\GOPR3172.cpc,,,,,,,,,,,,,,,,,,,,,,,,,,,,
ACB,,HC,,C:\CPCe_41_inst\So. Pagawanen\Transect 3\GOPR3172.JPG,C:\CPCe_41_inst\So. Pagawanen\Transect 3\GOPR3172.cpc,,,,,,,,,,,,,,,,,,,,,,,,,,,,
ACB,,HC,,C:\CPCe_41_inst\So. Pagawanen\Transect 3\GOPR3172.JPG,C:\CPCe_41_inst\So. Pagawanen\Transect 3\GOPR3172.cpc,,,,,,,,,,,,,,,,,,,,,,,,,,,,
ACB,,HC,,C:\CPCe_41_inst\So. Pagawanen\Transect 3\GOPR3172.JPG,C:\CPCe_41_inst\So. Pagawanen\Transect 3\GOPR3172.cpc,,,,,,,,,,,,,,,,,,,,,,,,,,,,
CM,,HC,,C:\CPCe_41_inst\So. Pagawanen\Transect 3\GOPR3172.JPG,C:\CPCe_41_inst\So. Pagawanen\Transect 3\GOPR3172.cpc,,,,,,,,,,,,,,,,,,,,,,,,,,,,
ACB,,HC,,C:\CPCe_41_inst\So. Pagawanen\Transect 3\GOPR3172.JPG,C:\CPCe_41_inst\So. Pagawanen\Transect 3\GOPR3172.cpc,,,,,,,,,,,,,,,,,,,,,,,,,,,,
CM,,HC,**,C:\CPCe_41_inst\So. Pagawanen\Transect 3\GOPR3172.JPG,C:\CPCe_41_inst\So. Pagawanen\Transect 3\GOPR3172.cpc,,,,,,,,,,,,,,,,,,,,,,,,,,,,
DCA,,DC,*,C:\CPCe_41_inst\So. Pagawanen\Transect 3\GOPR3173.JPG,C:\CPCe_41_inst\So. Pagawanen\Transect 3\GOPR3173.cpc,,,,,,,,,,,,,,,,,,,,,,,,,,,,
DCA,,DC,,C:\CPCe_41_inst\So. Pagawanen\Transect 3\GOPR3173.JPG,C:\CPCe_41_inst\So. Pagawanen\Transect 3\GOPR3173.cpc,,,,,,,,,,,,,,,,,,,,,,,,,,,,
DCA,,DC,,C:\CPCe_41_inst\So. Pagawanen\Transect 3\GOPR3173.JPG,C:\CPCe_41_inst\So. Pagawanen\Transect 3\GOPR3173.cpc,,,,,,,,,,,,,,,,,,,,,,,,,,,,
MA,,AL,,C:\CPCe_41_inst\So. Pagawanen\Transect 3\GOPR3173.JPG,C:\CPCe_41_inst\So. Pagawanen\Transect 3\GOPR3173.cpc,,,,,,,,,,,,,,,,,,,,,,,,,,,,
TWB,,TWB,,C:\CPCe_41_inst\So. Pagawanen\Transect 3\GOPR3173.JPG,C:\CPCe_41_inst\So. Pagawanen\Transect 3\GOPR3173.cpc,,,,,,,,,,,,,,,,,,,,,,,,,,,,
ACB,,HC,,C:\CPCe_41_inst\So. Pagawanen\Transect 3\GOPR3173.JPG,C:\CPCe_41_inst\So. Pagawanen\Transect 3\GOPR3173.cpc,,,,,,,,,,,,,,,,,,,,,,,,,,,,
DCA,,DC,,C:\CPCe_41_inst\So. Pagawanen\Transect 3\GOPR3173.JPG,C:\CPCe_41_inst\So. Pagawanen\Transect 3\GOPR3173.cpc,,,,,,,,,,,,,,,,,,,,,,,,,,,,
DCA,,DC,,C:\CPCe_41_inst\So. Pagawanen\Transect 3\GOPR3173.JPG,C:\CPCe_41_inst\So. Pagawanen\Transect 3\GOPR3173.cpc,,,,,,,,,,,,,,,,,,,,,,,,,,,,
ACB,,HC,,C:\CPCe_41_inst\So. Pagawanen\Transect 3\GOPR3173.JPG,C:\CPCe_41_inst\So. Pagawanen\Transect 3\GOPR3173.cpc,,,,,,,,,,,,,,,,,,,,,,,,,,,,
DCA,,DC,**,C:\CPCe_41_inst\So. Pagawanen\Transect 3\GOPR3173.JPG,C:\CPCe_41_inst\So. Pagawanen\Transect 3\GOPR3173.cpc,,,,,,,,,,,,,,,,,,,,,,,,,,,,
DCA,,DC,*,C:\CPCe_41_inst\So. Pagawanen\Transect 3\GOPR3174.JPG,C:\CPCe_41_inst\So. Pagawanen\Transect 3\GOPR3174.cpc,,,,,,,,,,,,,,,,,,,,,,,,,,,,
DCA,,DC,,C:\CPCe_41_inst\So. Pagawanen\Transect 3\GOPR3174.JPG,C:\CPCe_41_inst\So. Pagawanen\Transect 3\GOPR3174.cpc,,,,,,,,,,,,,,,,,,,,,,,,,,,,
DCA,,DC,,C:\CPCe_41_inst\So. Pagawanen\Transect 3\GOPR3174.JPG,C:\CPCe_41_inst\So. Pagawanen\Transect 3\GOPR3174.cpc,,,,,,,,,,,,,,,,,,,,,,,,,,,,
DCA,,DC,,C:\CPCe_41_inst\So. Pagawanen\Transect 3\GOPR3174.JPG,C:\CPCe_41_inst\So. Pagawanen\Transect 3\GOPR3174.cpc,,,,,,,,,,,,,,,,,,,,,,,,,,,,
DCA,,DC,,C:\CPCe_41_inst\So. Pagawanen\Transect 3\GOPR3174.JPG,C:\CPCe_41_inst\So. Pagawanen\Transect 3\GOPR3174.cpc,,,,,,,,,,,,,,,,,,,,,,,,,,,,
DCA,,DC,,C:\CPCe_41_inst\So. Pagawanen\Transect 3\GOPR3174.JPG,C:\CPCe_41_inst\So. Pagawanen\Transect 3\GOPR3174.cpc,,,,,,,,,,,,,,,,,,,,,,,,,,,,
DCA,,DC,,C:\CPCe_41_inst\So. Pagawanen\Transect 3\GOPR3174.JPG,C:\CPCe_41_inst\So. Pagawanen\Transect 3\GOPR3174.cpc,,,,,,,,,,,,,,,,,,,,,,,,,,,,
MA,,AL,,C:\CPCe_41_inst\So. Pagawanen\Transect 3\GOPR3174.JPG,C:\CPCe_41_inst\So. Pagawanen\Transect 3\GOPR3174.cpc,,,,,,,,,,,,,,,,,,,,,,,,,,,,
R,,AB,,C:\CPCe_41_inst\So. Pagawanen\Transect 3\GOPR3174.JPG,C:\CPCe_41_inst\So. Pagawanen\Transect 3\GOPR3174.cpc,,,,,,,,,,,,,,,,,,,,,,,,,,,,
DCA,,DC,**,C:\CPCe_41_inst\So. Pagawanen\Transect 3\GOPR3174.JPG,C:\CPCe_41_inst\So. Pagawanen\Transect 3\GOPR3174.cpc,,,,,,,,,,,,,,,,,,,,,,,,,,,,
DCA,,DC,*,C:\CPCe_41_inst\So. Pagawanen\Transect 3\GOPR3175.JPG,C:\CPCe_41_inst\So. Pagawanen\Transect 3\GOPR3175.cpc,,,,,,,,,,,,,,,,,,,,,,,,,,,,
DCA,,DC,,C:\CPCe_41_inst\So. Pagawanen\Transect 3\GOPR3175.JPG,C:\CPCe_41_inst\So. Pagawanen\Transect 3\GOPR3175.cpc,,,,,,,,,,,,,,,,,,,,,,,,,,,,
DCA,,DC,,C:\CPCe_41_inst\So. Pagawanen\Transect 3\GOPR3175.JPG,C:\CPCe_41_inst\So. Pagawanen\Transect 3\GOPR3175.cpc,,,,,,,,,,,,,,,,,,,,,,,,,,,,
DCA,,DC,,C:\CPCe_41_inst\So. Pagawanen\Transect 3\GOPR3175.JPG,C:\CPCe_41_inst\So. Pagawanen\Transect 3\GOPR3175.cpc,,,,,,,,,,,,,,,,,,,,,,,,,,,,
DCA,,DC,,C:\CPCe_41_inst\So. Pagawanen\Transect 3\GOPR3175.JPG,C:\CPCe_41_inst\So. Pagawanen\Transect 3\GOPR3175.cpc,,,,,,,,,,,,,,,,,,,,,,,,,,,,
DCA,,DC,,C:\CPCe_41_inst\So. Pagawanen\Transect 3\GOPR3175.JPG,C:\CPCe_41_inst\So. Pagawanen\Transect 3\GOPR3175.cpc,,,,,,,,,,,,,,,,,,,,,,,,,,,,
DCA,,DC,,C:\CPCe_41_inst\So. Pagawanen\Transect 3\GOPR3175.JPG,C:\CPCe_41_inst\So. Pagawanen\Transect 3\GOPR3175.cpc,,,,,,,,,,,,,,,,,,,,,,,,,,,,
DCA,,DC,,C:\CPCe_41_inst\So. Pagawanen\Transect 3\GOPR3175.JPG,C:\CPCe_41_inst\So. Pagawanen\Transect 3\GOPR3175.cpc,,,,,,,,,,,,,,,,,,,,,,,,,,,,
DCA,,DC,,C:\CPCe_41_inst\So. Pagawanen\Transect 3\GOPR3175.JPG,C:\CPCe_41_inst\So. Pagawanen\Transect 3\GOPR3175.cpc,,,,,,,,,,,,,,,,,,,,,,,,,,,,
DCA,,DC,**,C:\CPCe_41_inst\So. Pagawanen\Transect 3\GOPR3175.JPG,C:\CPCe_41_inst\So. Pagawanen\Transect 3\GOPR3175.cpc,,,,,,,,,,,,,,,,,,,,,,,,,,,,
DCA,,DC,*,C:\CPCe_41_inst\So. Pagawanen\Transect 3\GOPR3176 - Copy.JPG,C:\CPCe_41_inst\So. Pagawanen\Transect 3\GOPR3176 - Copy.cpc,,,,,,,,,,,,,,,,,,,,,,,,,,,,
DCA,,DC,,C:\CPCe_41_inst\So. Pagawanen\Transect 3\GOPR3176 - Copy.JPG,C:\CPCe_41_inst\So. Pagawanen\Transect 3\GOPR3176 - Copy.cpc,,,,,,,,,,,,,,,,,,,,,,,,,,,,
DCA,,DC,,C:\CPCe_41_inst\So. Pagawanen\Transect 3\GOPR3176 - Copy.JPG,C:\CPCe_41_inst\So. Pagawanen\Transect 3\GOPR3176 - Copy.cpc,,,,,,,,,,,,,,,,,,,,,,,,,,,,
DCA,,DC,,C:\CPCe_41_inst\So. Pagawanen\Transect 3\GOPR3176 - Copy.JPG,C:\CPCe_41_inst\So. Pagawanen\Transect 3\GOPR3176 - Copy.cpc,,,,,,,,,,,,,,,,,,,,,,,,,,,,
DCA,,DC,,C:\CPCe_41_inst\So. Pagawanen\Transect 3\GOPR3176 - Copy.JPG,C:\CPCe_41_inst\So. Pagawanen\Transect 3\GOPR3176 - Copy.cpc,,,,,,,,,,,,,,,,,,,,,,,,,,,,
DCA,,DC,,C:\CPCe_41_inst\So. Pagawanen\Transect 3\GOPR3176 - Copy.JPG,C:\CPCe_41_inst\So. Pagawanen\Transect 3\GOPR3176 - Copy.cpc,,,,,,,,,,,,,,,,,,,,,,,,,,,,
DCA,,DC,,C:\CPCe_41_inst\So. Pagawanen\Transect 3\GOPR3176 - Copy.JPG,C:\CPCe_41_inst\So. Pagawanen\Transect 3\GOPR3176 - Copy.cpc,,,,,,,,,,,,,,,,,,,,,,,,,,,,
DCA,,DC,,C:\CPCe_41_inst\So. Pagawanen\Transect 3\GOPR3176 - Copy.JPG,C:\CPCe_41_inst\So. Pagawanen\Transect 3\GOPR3176 - Copy.cpc,,,,,,,,,,,,,,,,,,,,,,,,,,,,
DCA,,DC,,C:\CPCe_41_inst\So. Pagawanen\Transect 3\GOPR3176 - Copy.JPG,C:\CPCe_41_inst\So. Pagawanen\Transect 3\GOPR3176 - Copy.cpc,,,,,,,,,,,,,,,,,,,,,,,,,,,,
TWB,,TWB,**,C:\CPCe_41_inst\So. Pagawanen\Transect 3\GOPR3176 - Copy.JPG,C:\CPCe_41_inst\So. Pagawanen\Transect 3\GOPR3176 - Copy.cpc,,,,,,,,,,,,,,,,,,,,,,,,,,,,
DCA,,DC,*,C:\CPCe_41_inst\So. Pagawanen\Transect 3\GOPR3176.JPG,C:\CPCe_41_inst\So. Pagawanen\Transect 3\GOPR3176.cpc,,,,,,,,,,,,,,,,,,,,,,,,,,,,
DCA,,DC,,C:\CPCe_41_inst\So. Pagawanen\Transect 3\GOPR3176.JPG,C:\CPCe_41_inst\So. Pagawanen\Transect 3\GOPR3176.cpc,,,,,,,,,,,,,,,,,,,,,,,,,,,,
DCA,,DC,,C:\CPCe_41_inst\So. Pagawanen\Transect 3\GOPR3176.JPG,C:\CPCe_41_inst\So. Pagawanen\Transect 3\GOPR3176.cpc,,,,,,,,,,,,,,,,,,,,,,,,,,,,
DCA,,DC,,C:\CPCe_41_inst\So. Pagawanen\Transect 3\GOPR3176.JPG,C:\CPCe_41_inst\So. Pagawanen\Transect 3\GOPR3176.cpc,,,,,,,,,,,,,,,,,,,,,,,,,,,,
DCA,,DC,,C:\CPCe_41_inst\So. Pagawanen\Transect 3\GOPR3176.JPG,C:\CPCe_41_inst\So. Pagawanen\Transect 3\GOPR3176.cpc,,,,,,,,,,,,,,,,,,,,,,,,,,,,
DCA,,DC,,C:\CPCe_41_inst\So. Pagawanen\Transect 3\GOPR3176.JPG,C:\CPCe_41_inst\So. Pagawanen\Transect 3\GOPR3176.cpc,,,,,,,,,,,,,,,,,,,,,,,,,,,,
ACB,,HC,,C:\CPCe_41_inst\So. Pagawanen\Transect 3\GOPR3176.JPG,C:\CPCe_41_inst\So. Pagawanen\Transect 3\GOPR3176.cpc,,,,,,,,,,,,,,,,,,,,,,,,,,,,
DCA,,DC,,C:\CPCe_41_inst\So. Pagawanen\Transect 3\GOPR3176.JPG,C:\CPCe_41_inst\So. Pagawanen\Transect 3\GOPR3176.cpc,,,,,,,,,,,,,,,,,,,,,,,,,,,,
DCA,,DC,,C:\CPCe_41_inst\So. Pagawanen\Transect 3\GOPR3176.JPG,C:\CPCe_41_inst\So. Pagawanen\Transect 3\GOPR3176.cpc,,,,,,,,,,,,,,,,,,,,,,,,,,,,
DCA,,DC,**,C:\CPCe_41_inst\So. Pagawanen\Transect 3\GOPR3176.JPG,C:\CPCe_41_inst\So. Pagawanen\Transect 3\GOPR3176.cpc,,,,,,,,,,,,,,,,,,,,,,,,,,,,
DCA,,DC,*,C:\CPCe_41_inst\So. Pagawanen\Transect 3\GOPR3177.JPG,C:\CPCe_41_inst\So. Pagawanen\Transect 3\GOPR3177.cpc,,,,,,,,,,,,,,,,,,,,,,,,,,,,
DCA,,DC,,C:\CPCe_41_inst\So. Pagawanen\Transect 3\GOPR3177.JPG,C:\CPCe_41_inst\So. Pagawanen\Transect 3\GOPR3177.cpc,,,,,,,,,,,,,,,,,,,,,,,,,,,,
DCA,,DC,,C:\CPCe_41_inst\So. Pagawanen\Transect 3\GOPR3177.JPG,C:\CPCe_41_inst\So. Pagawanen\Transect 3\GOPR3177.cpc,,,,,,,,,,,,,,,,,,,,,,,,,,,,
DCA,,DC,,C:\CPCe_41_inst\So. Pagawanen\Transect 3\GOPR3177.JPG,C:\CPCe_41_inst\So. Pagawanen\Transect 3\GOPR3177.cpc,,,,,,,,,,,,,,,,,,,,,,,,,,,,
DCA,,DC,,C:\CPCe_41_inst\So. Pagawanen\Transect 3\GOPR3177.JPG,C:\CPCe_41_inst\So. Pagawanen\Transect 3\GOPR3177.cpc,,,,,,,,,,,,,,,,,,,,,,,,,,,,
DCA,,DC,,C:\CPCe_41_inst\So. Pagawanen\Transect 3\GOPR3177.JPG,C:\CPCe_41_inst\So. Pagawanen\Transect 3\GOPR3177.cpc,,,,,,,,,,,,,,,,,,,,,,,,,,,,
DCA,,DC,,C:\CPCe_41_inst\So. Pagawanen\Transect 3\GOPR3177.JPG,C:\CPCe_41_inst\So. Pagawanen\Transect 3\GOPR3177.cpc,,,,,,,,,,,,,,,,,,,,,,,,,,,,
DCA,,DC,,C:\CPCe_41_inst\So. Pagawanen\Transect 3\GOPR3177.JPG,C:\CPCe_41_inst\So. Pagawanen\Transect 3\GOPR3177.cpc,,,,,,,,,,,,,,,,,,,,,,,,,,,,
DCA,,DC,,C:\CPCe_41_inst\So. Pagawanen\Transect 3\GOPR3177.JPG,C:\CPCe_41_inst\So. Pagawanen\Transect 3\GOPR3177.cpc,,,,,,,,,,,,,,,,,,,,,,,,,,,,
DCA,,DC,**,C:\CPCe_41_inst\So. Pagawanen\Transect 3\GOPR3177.JPG,C:\CPCe_41_inst\So. Pagawanen\Transect 3\GOPR3177.cpc,,,,,,,,,,,,,,,,,,,,,,,,,,,,
R,,AB,*,C:\CPCe_41_inst\So. Pagawanen\Transect 3\GOPR3178.JPG,C:\CPCe_41_inst\So. Pagawanen\Transect 3\GOPR3178.cpc,,,,,,,,,,,,,,,,,,,,,,,,,,,,
DCA,,DC,,C:\CPCe_41_inst\So. Pagawanen\Transect 3\GOPR3178.JPG,C:\CPCe_41_inst\So. Pagawanen\Transect 3\GOPR3178.cpc,,,,,,,,,,,,,,,,,,,,,,,,,,,,
DCA,,DC,,C:\CPCe_41_inst\So. Pagawanen\Transect 3\GOPR3178.JPG,C:\CPCe_41_inst\So. Pagawanen\Transect 3\GOPR3178.cpc,,,,,,,,,,,,,,,,,,,,,,,,,,,,
DCA,,DC,,C:\CPCe_41_inst\So. Pagawanen\Transect 3\GOPR3178.JPG,C:\CPCe_41_inst\So. Pagawanen\Transect 3\GOPR3178.cpc,,,,,,,,,,,,,,,,,,,,,,,,,,,,
R,,AB,,C:\CPCe_41_inst\So. Pagawanen\Transect 3\GOPR3178.JPG,C:\CPCe_41_inst\So. Pagawanen\Transect 3\GOPR3178.cpc,,,,,,,,,,,,,,,,,,,,,,,,,,,,
DCA,,DC,,C:\CPCe_41_inst\So. Pagawanen\Transect 3\GOPR3178.JPG,C:\CPCe_41_inst\So. Pagawanen\Transect 3\GOPR3178.cpc,,,,,,,,,,,,,,,,,,,,,,,,,,,,
DCA,,DC,,C:\CPCe_41_inst\So. Pagawanen\Transect 3\GOPR3178.JPG,C:\CPCe_41_inst\So. Pagawanen\Transect 3\GOPR3178.cpc,,,,,,,,,,,,,,,,,,,,,,,,,,,,
DCA,,DC,,C:\CPCe_41_inst\So. Pagawanen\Transect 3\GOPR3178.JPG,C:\CPCe_41_inst\So. Pagawanen\Transect 3\GOPR3178.cpc,,,,,,,,,,,,,,,,,,,,,,,,,,,,
DCA,,DC,,C:\CPCe_41_inst\So. Pagawanen\Transect 3\GOPR3178.JPG,C:\CPCe_41_inst\So. Pagawanen\Transect 3\GOPR3178.cpc,,,,,,,,,,,,,,,,,,,,,,,,,,,,
DCA,,DC,**,C:\CPCe_41_inst\So. Pagawanen\Transect 3\GOPR3178.JPG,C:\CPCe_41_inst\So. Pagawanen\Transect 3\GOPR3178.cpc,,,,,,,,,,,,,,,,,,,,,,,,,,,,
DCA,,DC,*,C:\CPCe_41_inst\So. Pagawanen\Transect 3\GOPR3179.JPG,C:\CPCe_41_inst\So. Pagawanen\Transect 3\GOPR3179.cpc,,,,,,,,,,,,,,,,,,,,,,,,,,,,
DCA,,DC,,C:\CPCe_41_inst\So. Pagawanen\Transect 3\GOPR3179.JPG,C:\CPCe_41_inst\So. Pagawanen\Transect 3\GOPR3179.cpc,,,,,,,,,,,,,,,,,,,,,,,,,,,,
DCA,,DC,,C:\CPCe_41_inst\So. Pagawanen\Transect 3\GOPR3179.JPG,C:\CPCe_41_inst\So. Pagawanen\Transect 3\GOPR3179.cpc,,,,,,,,,,,,,,,,,,,,,,,,,,,,
S,,AB,,C:\CPCe_41_inst\So. Pagawanen\Transect 3\GOPR3179.JPG,C:\CPCe_41_inst\So. Pagawanen\Transect 3\GOPR3179.cpc,,,,,,,,,,,,,,,,,,,,,,,,,,,,
DCA,,DC,,C:\CPCe_41_inst\So. Pagawanen\Transect 3\GOPR3179.JPG,C:\CPCe_41_inst\So. Pagawanen\Transect 3\GOPR3179.cpc,,,,,,,,,,,,,,,,,,,,,,,,,,,,
DCA,,DC,,C:\CPCe_41_inst\So. Pagawanen\Transect 3\GOPR3179.JPG,C:\CPCe_41_inst\So. Pagawanen\Transect 3\GOPR3179.cpc,,,,,,,,,,,,,,,,,,,,,,,,,,,,
DCA,,DC,,C:\CPCe_41_inst\So. Pagawanen\Transect 3\GOPR3179.JPG,C:\CPCe_41_inst\So. Pagawanen\Transect 3\GOPR3179.cpc,,,,,,,,,,,,,,,,,,,,,,,,,,,,
DCA,,DC,,C:\CPCe_41_inst\So. Pagawanen\Transect 3\GOPR3179.JPG,C:\CPCe_41_inst\So. Pagawanen\Transect 3\GOPR3179.cpc,,,,,,,,,,,,,,,,,,,,,,,,,,,,
DCA,,DC,,C:\CPCe_41_inst\So. Pagawanen\Transect 3\GOPR3179.JPG,C:\CPCe_41_inst\So. Pagawanen\Transect 3\GOPR3179.cpc,,,,,,,,,,,,,,,,,,,,,,,,,,,,
MA,,AL,**,C:\CPCe_41_inst\So. Pagawanen\Transect 3\GOPR3179.JPG,C:\CPCe_41_inst\So. Pagawanen\Transect 3\GOPR3179.cpc,,,,,,,,,,,,,,,,,,,,,,,,,,,,
R,,AB,*,C:\CPCe_41_inst\So. Pagawanen\Transect 3\GOPR3180.JPG,C:\CPCe_41_inst\So. Pagawanen\Transect 3\GOPR3180.cpc,,,,,,,,,,,,,,,,,,,,,,,,,,,,
R,,AB,,C:\CPCe_41_inst\So. Pagawanen\Transect 3\GOPR3180.JPG,C:\CPCe_41_inst\So. Pagawanen\Transect 3\GOPR3180.cpc,,,,,,,,,,,,,,,,,,,,,,,,,,,,
R,,AB,,C:\CPCe_41_inst\So. Pagawanen\Transect 3\GOPR3180.JPG,C:\CPCe_41_inst\So. Pagawanen\Transect 3\GOPR3180.cpc,,,,,,,,,,,,,,,,,,,,,,,,,,,,
MA,,AL,,C:\CPCe_41_inst\So. Pagawanen\Transect 3\GOPR3180.JPG,C:\CPCe_41_inst\So. Pagawanen\Transect 3\GOPR3180.cpc,,,,,,,,,,,,,,,,,,,,,,,,,,,,
R,,AB,,C:\CPCe_41_inst\So. Pagawanen\Transect 3\GOPR3180.JPG,C:\CPCe_41_inst\So. Pagawanen\Transect 3\GOPR3180.cpc,,,,,,,,,,,,,,,,,,,,,,,,,,,,
CM,,HC,,C:\CPCe_41_inst\So. Pagawanen\Transect 3\GOPR3180.JPG,C:\CPCe_41_inst\So. Pagawanen\Transect 3\GOPR3180.cpc,,,,,,,,,,,,,,,,,,,,,,,,,,,,
S,,AB,,C:\CPCe_41_inst\So. Pagawanen\Transect 3\GOPR3180.JPG,C:\CPCe_41_inst\So. Pagawanen\Transect 3\GOPR3180.cpc,,,,,,,,,,,,,,,,,,,,,,,,,,,,
MA,,AL,,C:\CPCe_41_inst\So. Pagawanen\Transect 3\GOPR3180.JPG,C:\CPCe_41_inst\So. Pagawanen\Transect 3\GOPR3180.cpc,,,,,,,,,,,,,,,,,,,,,,,,,,,,
DCA,,DC,,C:\CPCe_41_inst\So. Pagawanen\Transect 3\GOPR3180.JPG,C:\CPCe_41_inst\So. Pagawanen\Transect 3\GOPR3180.cpc,,,,,,,,,,,,,,,,,,,,,,,,,,,,
MA,,AL,**,C:\CPCe_41_inst\So. Pagawanen\Transect 3\GOPR3180.JPG,C:\CPCe_41_inst\So. Pagawanen\Transect 3\GOPR3180.cpc,,,,,,,,,,,,,,,,,,,,,,,,,,,,
R,,AB,*,C:\CPCe_41_inst\So. Pagawanen\Transect 3\GOPR3181.JPG,C:\CPCe_41_inst\So. Pagawanen\Transect 3\GOPR3181.cpc,,,,,,,,,,,,,,,,,,,,,,,,,,,,
MA,,AL,,C:\CPCe_41_inst\So. Pagawanen\Transect 3\GOPR3181.JPG,C:\CPCe_41_inst\So. Pagawanen\Transect 3\GOPR3181.cpc,,,,,,,,,,,,,,,,,,,,,,,,,,,,
R,,AB,,C:\CPCe_41_inst\So. Pagawanen\Transect 3\GOPR3181.JPG,C:\CPCe_41_inst\So. Pagawanen\Transect 3\GOPR3181.cpc,,,,,,,,,,,,,,,,,,,,,,,,,,,,
R,,AB,,C:\CPCe_41_inst\So. Pagawanen\Transect 3\GOPR3181.JPG,C:\CPCe_41_inst\So. Pagawanen\Transect 3\GOPR3181.cpc,,,,,,,,,,,,,,,,,,,,,,,,,,,,
MA,,AL,,C:\CPCe_41_inst\So. Pagawanen\Transect 3\GOPR3181.JPG,C:\CPCe_41_inst\So. Pagawanen\Transect 3\GOPR3181.cpc,,,,,,,,,,,,,,,,,,,,,,,,,,,,
DC,,DC,,C:\CPCe_41_inst\So. Pagawanen\Transect 3\GOPR3181.JPG,C:\CPCe_41_inst\So. Pagawanen\Transect 3\GOPR3181.cpc,,,,,,,,,,,,,,,,,,,,,,,,,,,,
MA,,AL,,C:\CPCe_41_inst\So. Pagawanen\Transect 3\GOPR3181.JPG,C:\CPCe_41_inst\So. Pagawanen\Transect 3\GOPR3181.cpc,,,,,,,,,,,,,,,,,,,,,,,,,,,,
TWB,,TWB,,C:\CPCe_41_inst\So. Pagawanen\Transect 3\GOPR3181.JPG,C:\CPCe_41_inst\So. Pagawanen\Transect 3\GOPR3181.cpc,,,,,,,,,,,,,,,,,,,,,,,,,,,,
R,,AB,,C:\CPCe_41_inst\So. Pagawanen\Transect 3\GOPR3181.JPG,C:\CPCe_41_inst\So. Pagawanen\Transect 3\GOPR3181.cpc,,,,,,,,,,,,,,,,,,,,,,,,,,,,
R,,AB,**,C:\CPCe_41_inst\So. Pagawanen\Transect 3\GOPR3181.JPG,C:\CPCe_41_inst\So. Pagawanen\Transect 3\GOPR3181.cpc,,,,,,,,,,,,,,,,,,,,,,,,,,,,
R,,AB,*,C:\CPCe_41_inst\So. Pagawanen\Transect 3\GOPR3182.JPG,C:\CPCe_41_inst\So. Pagawanen\Transect 3\GOPR3182.cpc,,,,,,,,,,,,,,,,,,,,,,,,,,,,
S,,AB,,C:\CPCe_41_inst\So. Pagawanen\Transect 3\GOPR3182.JPG,C:\CPCe_41_inst\So. Pagawanen\Transect 3\GOPR3182.cpc,,,,,,,,,,,,,,,,,,,,,,,,,,,,
MA,,AL,,C:\CPCe_41_inst\So. Pagawanen\Transect 3\GOPR3182.JPG,C:\CPCe_41_inst\So. Pagawanen\Transect 3\GOPR3182.cpc,,,,,,,,,,,,,,,,,,,,,,,,,,,,
S,,AB,,C:\CPCe_41_inst\So. Pagawanen\Transect 3\GOPR3182.JPG,C:\CPCe_41_inst\So. Pagawanen\Transect 3\GOPR3182.cpc,,,,,,,,,,,,,,,,,,,,,,,,,,,,
DC,,DC,,C:\CPCe_41_inst\So. Pagawanen\Transect 3\GOPR3182.JPG,C:\CPCe_41_inst\So. Pagawanen\Transect 3\GOPR3182.cpc,,,,,,,,,,,,,,,,,,,,,,,,,,,,
S,,AB,,C:\CPCe_41_inst\So. Pagawanen\Transect 3\GOPR3182.JPG,C:\CPCe_41_inst\So. Pagawanen\Transect 3\GOPR3182.cpc,,,,,,,,,,,,,,,,,,,,,,,,,,,,
MA,,AL,,C:\CPCe_41_inst\So. Pagawanen\Transect 3\GOPR3182.JPG,C:\CPCe_41_inst\So. Pagawanen\Transect 3\GOPR3182.cpc,,,,,,,,,,,,,,,,,,,,,,,,,,,,
S,,AB,,C:\CPCe_41_inst\So. Pagawanen\Transect 3\GOPR3182.JPG,C:\CPCe_41_inst\So. Pagawanen\Transect 3\GOPR3182.cpc,,,,,,,,,,,,,,,,,,,,,,,,,,,,
S,,AB,,C:\CPCe_41_inst\So. Pagawanen\Transect 3\GOPR3182.JPG,C:\CPCe_41_inst\So. Pagawanen\Transect 3\GOPR3182.cpc,,,,,,,,,,,,,,,,,,,,,,,,,,,,
S,,AB,**,C:\CPCe_41_inst\So. Pagawanen\Transect 3\GOPR3182.JPG,C:\CPCe_41_inst\So. Pagawanen\Transect 3\GOPR3182.cpc,,,,,,,,,,,,,,,,,,,,,,,,,,,,
S,,AB,*,C:\CPCe_41_inst\So. Pagawanen\Transect 3\GOPR3183.JPG,C:\CPCe_41_inst\So. Pagawanen\Transect 3\GOPR3183.cpc,,,,,,,,,,,,,,,,,,,,,,,,,,,,
DC,,DC,,C:\CPCe_41_inst\So. Pagawanen\Transect 3\GOPR3183.JPG,C:\CPCe_41_inst\So. Pagawanen\Transect 3\GOPR3183.cpc,,,,,,,,,,,,,,,,,,,,,,,,,,,,
S,,AB,,C:\CPCe_41_inst\So. Pagawanen\Transect 3\GOPR3183.JPG,C:\CPCe_41_inst\So. Pagawanen\Transect 3\GOPR3183.cpc,,,,,,,,,,,,,,,,,,,,,,,,,,,,
S,,AB,,C:\CPCe_41_inst\So. Pagawanen\Transect 3\GOPR3183.JPG,C:\CPCe_41_inst\So. Pagawanen\Transect 3\GOPR3183.cpc,,,,,,,,,,,,,,,,,,,,,,,,,,,,
S,,AB,,C:\CPCe_41_inst\So. Pagawanen\Transect 3\GOPR3183.JPG,C:\CPCe_41_inst\So. Pagawanen\Transect 3\GOPR3183.cpc,,,,,,,,,,,,,,,,,,,,,,,,,,,,
S,,AB,,C:\CPCe_41_inst\So. Pagawanen\Transect 3\GOPR3183.JPG,C:\CPCe_41_inst\So. Pagawanen\Transect 3\GOPR3183.cpc,,,,,,,,,,,,,,,,,,,,,,,,,,,,
S,,AB,,C:\CPCe_41_inst\So. Pagawanen\Transect 3\GOPR3183.JPG,C:\CPCe_41_inst\So. Pagawanen\Transect 3\GOPR3183.cpc,,,,,,,,,,,,,,,,,,,,,,,,,,,,
R,,AB,,C:\CPCe_41_inst\So. Pagawanen\Transect 3\GOPR3183.JPG,C:\CPCe_41_inst\So. Pagawanen\Transect 3\GOPR3183.cpc,,,,,,,,,,,,,,,,,,,,,,,,,,,,
S,,AB,,C:\CPCe_41_inst\So. Pagawanen\Transect 3\GOPR3183.JPG,C:\CPCe_41_inst\So. Pagawanen\Transect 3\GOPR3183.cpc,,,,,,,,,,,,,,,,,,,,,,,,,,,,
S,,AB,**,C:\CPCe_41_inst\So. Pagawanen\Transect 3\GOPR3183.JPG,C:\CPCe_41_inst\So. Pagawanen\Transect 3\GOPR3183.cpc,,,,,,,,,,,,,,,,,,,,,,,,,,,,
S,,AB,*,C:\CPCe_41_inst\So. Pagawanen\Transect 3\GOPR3184.JPG,C:\CPCe_41_inst\So. Pagawanen\Transect 3\GOPR3184.cpc,,,,,,,,,,,,,,,,,,,,,,,,,,,,
S,,AB,,C:\CPCe_41_inst\So. Pagawanen\Transect 3\GOPR3184.JPG,C:\CPCe_41_inst\So. Pagawanen\Transect 3\GOPR3184.cpc,,,,,,,,,,,,,,,,,,,,,,,,,,,,
DC,,DC,,C:\CPCe_41_inst\So. Pagawanen\Transect 3\GOPR3184.JPG,C:\CPCe_41_inst\So. Pagawanen\Transect 3\GOPR3184.cpc,,,,,,,,,,,,,,,,,,,,,,,,,,,,
DC,,DC,,C:\CPCe_41_inst\So. Pagawanen\Transect 3\GOPR3184.JPG,C:\CPCe_41_inst\So. Pagawanen\Transect 3\GOPR3184.cpc,,,,,,,,,,,,,,,,,,,,,,,,,,,,
DC,,DC,,C:\CPCe_41_inst\So. Pagawanen\Transect 3\GOPR3184.JPG,C:\CPCe_41_inst\So. Pagawanen\Transect 3\GOPR3184.cpc,,,,,,,,,,,,,,,,,,,,,,,,,,,,
DCA,,DC,,C:\CPCe_41_inst\So. Pagawanen\Transect 3\GOPR3184.JPG,C:\CPCe_41_inst\So. Pagawanen\Transect 3\GOPR3184.cpc,,,,,,,,,,,,,,,,,,,,,,,,,,,,
S,,AB,,C:\CPCe_41_inst\So. Pagawanen\Transect 3\GOPR3184.JPG,C:\CPCe_41_inst\So. Pagawanen\Transect 3\GOPR3184.cpc,,,,,,,,,,,,,,,,,,,,,,,,,,,,
S,,AB,,C:\CPCe_41_inst\So. Pagawanen\Transect 3\GOPR3184.JPG,C:\CPCe_41_inst\So. Pagawanen\Transect 3\GOPR3184.cpc,,,,,,,,,,,,,,,,,,,,,,,,,,,,
R,,AB,,C:\CPCe_41_inst\So. Pagawanen\Transect 3\GOPR3184.JPG,C:\CPCe_41_inst\So. Pagawanen\Transect 3\GOPR3184.cpc,,,,,,,,,,,,,,,,,,,,,,,,,,,,
S,,AB,**,C:\CPCe_41_inst\So. Pagawanen\Transect 3\GOPR3184.JPG,C:\CPCe_41_inst\So. Pagawanen\Transect 3\GOPR3184.cpc,,,,,,,,,,,,,,,,,,,,,,,,,,,,
R,,AB,*,C:\CPCe_41_inst\So. Pagawanen\Transect 3\GOPR3185.JPG,C:\CPCe_41_inst\So. Pagawanen\Transect 3\GOPR3185.cpc,,,,,,,,,,,,,,,,,,,,,,,,,,,,
R,,AB,,C:\CPCe_41_inst\So. Pagawanen\Transect 3\GOPR3185.JPG,C:\CPCe_41_inst\So. Pagawanen\Transect 3\GOPR3185.cpc,,,,,,,,,,,,,,,,,,,,,,,,,,,,
S,,AB,,C:\CPCe_41_inst\So. Pagawanen\Transect 3\GOPR3185.JPG,C:\CPCe_41_inst\So. Pagawanen\Transect 3\GOPR3185.cpc,,,,,,,,,,,,,,,,,,,,,,,,,,,,
DC,,DC,,C:\CPCe_41_inst\So. Pagawanen\Transect 3\GOPR3185.JPG,C:\CPCe_41_inst\So. Pagawanen\Transect 3\GOPR3185.cpc,,,,,,,,,,,,,,,,,,,,,,,,,,,,
R,,AB,,C:\CPCe_41_inst\So. Pagawanen\Transect 3\GOPR3185.JPG,C:\CPCe_41_inst\So. Pagawanen\Transect 3\GOPR3185.cpc,,,,,,,,,,,,,,,,,,,,,,,,,,,,
R,,AB,,C:\CPCe_41_inst\So. Pagawanen\Transect 3\GOPR3185.JPG,C:\CPCe_41_inst\So. Pagawanen\Transect 3\GOPR3185.cpc,,,,,,,,,,,,,,,,,,,,,,,,,,,,
R,,AB,,C:\CPCe_41_inst\So. Pagawanen\Transect 3\GOPR3185.JPG,C:\CPCe_41_inst\So. Pagawanen\Transect 3\GOPR3185.cpc,,,,,,,,,,,,,,,,,,,,,,,,,,,,
R,,AB,,C:\CPCe_41_inst\So. Pagawanen\Transect 3\GOPR3185.JPG,C:\CPCe_41_inst\So. Pagawanen\Transect 3\GOPR3185.cpc,,,,,,,,,,,,,,,,,,,,,,,,,,,,
R,,AB,,C:\CPCe_41_inst\So. Pagawanen\Transect 3\GOPR3185.JPG,C:\CPCe_41_inst\So. Pagawanen\Transect 3\GOPR3185.cpc,,,,,,,,,,,,,,,,,,,,,,,,,,,,
R,,AB,**,C:\CPCe_41_inst\So. Pagawanen\Transect 3\GOPR3185.JPG,C:\CPCe_41_inst\So. Pagawanen\Transect 3\GOPR3185.cpc,,,,,,,,,,,,,,,,,,,,,,,,,,,,
OT,,OO,*,C:\CPCe_41_inst\So. Pagawanen\Transect 3\GOPR3186.JPG,C:\CPCe_41_inst\So. Pagawanen\Transect 3\GOPR3186.cpc,,,,,,,,,,,,,,,,,,,,,,,,,,,,
MA,,AL,,C:\CPCe_41_inst\So. Pagawanen\Transect 3\GOPR3186.JPG,C:\CPCe_41_inst\So. Pagawanen\Transect 3\GOPR3186.cpc,,,,,,,,,,,,,,,,,,,,,,,,,,,,
MA,,AL,,C:\CPCe_41_inst\So. Pagawanen\Transect 3\GOPR3186.JPG,C:\CPCe_41_inst\So. Pagawanen\Transect 3\GOPR3186.cpc,,,,,,,,,,,,,,,,,,,,,,,,,,,,
R,,AB,,C:\CPCe_41_inst\So. Pagawanen\Transect 3\GOPR3186.JPG,C:\CPCe_41_inst\So. Pagawanen\Transect 3\GOPR3186.cpc,,,,,,,,,,,,,,,,,,,,,,,,,,,,
S,,AB,,C:\CPCe_41_inst\So. Pagawanen\Transect 3\GOPR3186.JPG,C:\CPCe_41_inst\So. Pagawanen\Transect 3\GOPR3186.cpc,,,,,,,,,,,,,,,,,,,,,,,,,,,,
R,,AB,,C:\CPCe_41_inst\So. Pagawanen\Transect 3\GOPR3186.JPG,C:\CPCe_41_inst\So. Pagawanen\Transect 3\GOPR3186.cpc,,,,,,,,,,,,,,,,,,,,,,,,,,,,
S,,AB,,C:\CPCe_41_inst\So. Pagawanen\Transect 3\GOPR3186.JPG,C:\CPCe_41_inst\So. Pagawanen\Transect 3\GOPR3186.cpc,,,,,,,,,,,,,,,,,,,,,,,,,,,,
MA,,AL,,C:\CPCe_41_inst\So. Pagawanen\Transect 3\GOPR3186.JPG,C:\CPCe_41_inst\So. Pagawanen\Transect 3\GOPR3186.cpc,,,,,,,,,,,,,,,,,,,,,,,,,,,,
DCA,,DC,,C:\CPCe_41_inst\So. Pagawanen\Transect 3\GOPR3186.JPG,C:\CPCe_41_inst\So. Pagawanen\Transect 3\GOPR3186.cpc,,,,,,,,,,,,,,,,,,,,,,,,,,,,
R,,AB,**,C:\CPCe_41_inst\So. Pagawanen\Transect 3\GOPR3186.JPG,C:\CPCe_41_inst\So. Pagawanen\Transect 3\GOPR3186.cpc,,,,,,,,,,,,,,,,,,,,,,,,,,,,
MA,,AL,*,C:\CPCe_41_inst\So. Pagawanen\Transect 3\GOPR3187.JPG,C:\CPCe_41_inst\So. Pagawanen\Transect 3\GOPR3187.cpc,,,,,,,,,,,,,,,,,,,,,,,,,,,,
MA,,AL,,C:\CPCe_41_inst\So. Pagawanen\Transect 3\GOPR3187.JPG,C:\CPCe_41_inst\So. Pagawanen\Transect 3\GOPR3187.cpc,,,,,,,,,,,,,,,,,,,,,,,,,,,,
MA,,AL,,C:\CPCe_41_inst\So. Pagawanen\Transect 3\GOPR3187.JPG,C:\CPCe_41_inst\So. Pagawanen\Transect 3\GOPR3187.cpc,,,,,,,,,,,,,,,,,,,,,,,,,,,,
MA,,AL,,C:\CPCe_41_inst\So. Pagawanen\Transect 3\GOPR3187.JPG,C:\CPCe_41_inst\So. Pagawanen\Transect 3\GOPR3187.cpc,,,,,,,,,,,,,,,,,,,,,,,,,,,,
MA,,AL,,C:\CPCe_41_inst\So. Pagawanen\Transect 3\GOPR3187.JPG,C:\CPCe_41_inst\So. Pagawanen\Transect 3\GOPR3187.cpc,,,,,,,,,,,,,,,,,,,,,,,,,,,,
MA,,AL,,C:\CPCe_41_inst\So. Pagawanen\Transect 3\GOPR3187.JPG,C:\CPCe_41_inst\So. Pagawanen\Transect 3\GOPR3187.cpc,,,,,,,,,,,,,,,,,,,,,,,,,,,,
DC,,DC,,C:\CPCe_41_inst\So. Pagawanen\Transect 3\GOPR3187.JPG,C:\CPCe_41_inst\So. Pagawanen\Transect 3\GOPR3187.cpc,,,,,,,,,,,,,,,,,,,,,,,,,,,,
DCA,,DC,,C:\CPCe_41_inst\So. Pagawanen\Transect 3\GOPR3187.JPG,C:\CPCe_41_inst\So. Pagawanen\Transect 3\GOPR3187.cpc,,,,,,,,,,,,,,,,,,,,,,,,,,,,
S,,AB,,C:\CPCe_41_inst\So. Pagawanen\Transect 3\GOPR3187.JPG,C:\CPCe_41_inst\So. Pagawanen\Transect 3\GOPR3187.cpc,,,,,,,,,,,,,,,,,,,,,,,,,,,,
S,,AB,**,C:\CPCe_41_inst\So. Pagawanen\Transect 3\GOPR3187.JPG,C:\CPCe_41_inst\So. Pagawanen\Transect 3\GOPR3187.cpc,,,,,,,,,,,,,,,,,,,,,,,,,,,,
S,,AB,*,C:\CPCe_41_inst\So. Pagawanen\Transect 3\GOPR3188.JPG,C:\CPCe_41_inst\So. Pagawanen\Transect 3\GOPR3188.cpc,,,,,,,,,,,,,,,,,,,,,,,,,,,,
S,,AB,,C:\CPCe_41_inst\So. Pagawanen\Transect 3\GOPR3188.JPG,C:\CPCe_41_inst\So. Pagawanen\Transect 3\GOPR3188.cpc,,,,,,,,,,,,,,,,,,,,,,,,,,,,
DC,,DC,,C:\CPCe_41_inst\So. Pagawanen\Transect 3\GOPR3188.JPG,C:\CPCe_41_inst\So. Pagawanen\Transect 3\GOPR3188.cpc,,,,,,,,,,,,,,,,,,,,,,,,,,,,
S,,AB,,C:\CPCe_41_inst\So. Pagawanen\Transect 3\GOPR3188.JPG,C:\CPCe_41_inst\So. Pagawanen\Transect 3\GOPR3188.cpc,,,,,,,,,,,,,,,,,,,,,,,,,,,,
S,,AB,,C:\CPCe_41_inst\So. Pagawanen\Transect 3\GOPR3188.JPG,C:\CPCe_41_inst\So. Pagawanen\Transect 3\GOPR3188.cpc,,,,,,,,,,,,,,,,,,,,,,,,,,,,
R,,AB,,C:\CPCe_41_inst\So. Pagawanen\Transect 3\GOPR3188.JPG,C:\CPCe_41_inst\So. Pagawanen\Transect 3\GOPR3188.cpc,,,,,,,,,,,,,,,,,,,,,,,,,,,,
MA,,AL,,C:\CPCe_41_inst\So. Pagawanen\Transect 3\GOPR3188.JPG,C:\CPCe_41_inst\So. Pagawanen\Transect 3\GOPR3188.cpc,,,,,,,,,,,,,,,,,,,,,,,,,,,,
MA,,AL,,C:\CPCe_41_inst\So. Pagawanen\Transect 3\GOPR3188.JPG,C:\CPCe_41_inst\So. Pagawanen\Transect 3\GOPR3188.cpc,,,,,,,,,,,,,,,,,,,,,,,,,,,,
R,,AB,,C:\CPCe_41_inst\So. Pagawanen\Transect 3\GOPR3188.JPG,C:\CPCe_41_inst\So. Pagawanen\Transect 3\GOPR3188.cpc,,,,,,,,,,,,,,,,,,,,,,,,,,,,
MA,,AL,**,C:\CPCe_41_inst\So. Pagawanen\Transect 3\GOPR3188.JPG,C:\CPCe_41_inst\So. Pagawanen\Transect 3\GOPR3188.cpc,,,,,,,,,,,,,,,,,,,,,,,,,,,,
S,,AB,*,C:\CPCe_41_inst\So. Pagawanen\Transect 3\GOPR3189.JPG,C:\CPCe_41_inst\So. Pagawanen\Transect 3\GOPR3189.cpc,,,,,,,,,,,,,,,,,,,,,,,,,,,,
S,,AB,,C:\CPCe_41_inst\So. Pagawanen\Transect 3\GOPR3189.JPG,C:\CPCe_41_inst\So. Pagawanen\Transect 3\GOPR3189.cpc,,,,,,,,,,,,,,,,,,,,,,,,,,,,
S,,AB,,C:\CPCe_41_inst\So. Pagawanen\Transect 3\GOPR3189.JPG,C:\CPCe_41_inst\So. Pagawanen\Transect 3\GOPR3189.cpc,,,,,,,,,,,,,,,,,,,,,,,,,,,,
S,,AB,,C:\CPCe_41_inst\So. Pagawanen\Transect 3\GOPR3189.JPG,C:\CPCe_41_inst\So. Pagawanen\Transect 3\GOPR3189.cpc,,,,,,,,,,,,,,,,,,,,,,,,,,,,
S,,AB,,C:\CPCe_41_inst\So. Pagawanen\Transect 3\GOPR3189.JPG,C:\CPCe_41_inst\So. Pagawanen\Transect 3\GOPR3189.cpc,,,,,,,,,,,,,,,,,,,,,,,,,,,,
S,,AB,,C:\CPCe_41_inst\So. Pagawanen\Transect 3\GOPR3189.JPG,C:\CPCe_41_inst\So. Pagawanen\Transect 3\GOPR3189.cpc,,,,,,,,,,,,,,,,,,,,,,,,,,,,
S,,AB,,C:\CPCe_41_inst\So. Pagawanen\Transect 3\GOPR3189.JPG,C:\CPCe_41_inst\So. Pagawanen\Transect 3\GOPR3189.cpc,,,,,,,,,,,,,,,,,,,,,,,,,,,,
S,,AB,,C:\CPCe_41_inst\So. Pagawanen\Transect 3\GOPR3189.JPG,C:\CPCe_41_inst\So. Pagawanen\Transect 3\GOPR3189.cpc,,,,,,,,,,,,,,,,,,,,,,,,,,,,
R,,AB,,C:\CPCe_41_inst\So. Pagawanen\Transect 3\GOPR3189.JPG,C:\CPCe_41_inst\So. Pagawanen\Transect 3\GOPR3189.cpc,,,,,,,,,,,,,,,,,,,,,,,,,,,,
S,,AB,**,C:\CPCe_41_inst\So. Pagawanen\Transect 3\GOPR3189.JPG,C:\CPCe_41_inst\So. Pagawanen\Transect 3\GOPR3189.cpc,,,,,,,,,,,,,,,,,,,,,,,,,,,,
S,,AB,*,C:\CPCe_41_inst\So. Pagawanen\Transect 3\GOPR3190.JPG,C:\CPCe_41_inst\So. Pagawanen\Transect 3\GOPR3190.cpc,,,,,,,,,,,,,,,,,,,,,,,,,,,,
DC,,DC,,C:\CPCe_41_inst\So. Pagawanen\Transect 3\GOPR3190.JPG,C:\CPCe_41_inst\So. Pagawanen\Transect 3\GOPR3190.cpc,,,,,,,,,,,,,,,,,,,,,,,,,,,,
S,,AB,,C:\CPCe_41_inst\So. Pagawanen\Transect 3\GOPR3190.JPG,C:\CPCe_41_inst\So. Pagawanen\Transect 3\GOPR3190.cpc,,,,,,,,,,,,,,,,,,,,,,,,,,,,
S,,AB,,C:\CPCe_41_inst\So. Pagawanen\Transect 3\GOPR3190.JPG,C:\CPCe_41_inst\So. Pagawanen\Transect 3\GOPR3190.cpc,,,,,,,,,,,,,,,,,,,,,,,,,,,,
S,,AB,,C:\CPCe_41_inst\So. Pagawanen\Transect 3\GOPR3190.JPG,C:\CPCe_41_inst\So. Pagawanen\Transect 3\GOPR3190.cpc,,,,,,,,,,,,,,,,,,,,,,,,,,,,
S,,AB,,C:\CPCe_41_inst\So. Pagawanen\Transect 3\GOPR3190.JPG,C:\CPCe_41_inst\So. Pagawanen\Transect 3\GOPR3190.cpc,,,,,,,,,,,,,,,,,,,,,,,,,,,,
S,,AB,,C:\CPCe_41_inst\So. Pagawanen\Transect 3\GOPR3190.JPG,C:\CPCe_41_inst\So. Pagawanen\Transect 3\GOPR3190.cpc,,,,,,,,,,,,,,,,,,,,,,,,,,,,
S,,AB,,C:\CPCe_41_inst\So. Pagawanen\Transect 3\GOPR3190.JPG,C:\CPCe_41_inst\So. Pagawanen\Transect 3\GOPR3190.cpc,,,,,,,,,,,,,,,,,,,,,,,,,,,,
TWB,,TWB,,C:\CPCe_41_inst\So. Pagawanen\Transect 3\GOPR3190.JPG,C:\CPCe_41_inst\So. Pagawanen\Transect 3\GOPR3190.cpc,,,,,,,,,,,,,,,,,,,,,,,,,,,,
DCA,,DC,**,C:\CPCe_41_inst\So. Pagawanen\Transect 3\GOPR3190.JPG,C:\CPCe_41_inst\So. Pagawanen\Transect 3\GOPR3190.cpc,,,,,,,,,,,,,,,,,,,,,,,,,,,,
S,,AB,*,C:\CPCe_41_inst\So. Pagawanen\Transect 3\GOPR3191.JPG,C:\CPCe_41_inst\So. Pagawanen\Transect 3\GOPR3191.cpc,,,,,,,,,,,,,,,,,,,,,,,,,,,,
TWB,,TWB,,C:\CPCe_41_inst\So. Pagawanen\Transect 3\GOPR3191.JPG,C:\CPCe_41_inst\So. Pagawanen\Transect 3\GOPR3191.cpc,,,,,,,,,,,,,,,,,,,,,,,,,,,,
S,,AB,,C:\CPCe_41_inst\So. Pagawanen\Transect 3\GOPR3191.JPG,C:\CPCe_41_inst\So. Pagawanen\Transect 3\GOPR3191.cpc,,,,,,,,,,,,,,,,,,,,,,,,,,,,
S,,AB,,C:\CPCe_41_inst\So. Pagawanen\Transect 3\GOPR3191.JPG,C:\CPCe_41_inst\So. Pagawanen\Transect 3\GOPR3191.cpc,,,,,,,,,,,,,,,,,,,,,,,,,,,,
R,,AB,,C:\CPCe_41_inst\So. Pagawanen\Transect 3\GOPR3191.JPG,C:\CPCe_41_inst\So. Pagawanen\Transect 3\GOPR3191.cpc,,,,,,,,,,,,,,,,,,,,,,,,,,,,
DCA,,DC,,C:\CPCe_41_inst\So. Pagawanen\Transect 3\GOPR3191.JPG,C:\CPCe_41_inst\So. Pagawanen\Transect 3\GOPR3191.cpc,,,,,,,,,,,,,,,,,,,,,,,,,,,,
S,,AB,,C:\CPCe_41_inst\So. Pagawanen\Transect 3\GOPR3191.JPG,C:\CPCe_41_inst\So. Pagawanen\Transect 3\GOPR3191.cpc,,,,,,,,,,,,,,,,,,,,,,,,,,,,
S,,AB,,C:\CPCe_41_inst\So. Pagawanen\Transect 3\GOPR3191.JPG,C:\CPCe_41_inst\So. Pagawanen\Transect 3\GOPR3191.cpc,,,,,,,,,,,,,,,,,,,,,,,,,,,,
R,,AB,,C:\CPCe_41_inst\So. Pagawanen\Transect 3\GOPR3191.JPG,C:\CPCe_41_inst\So. Pagawanen\Transect 3\GOPR3191.cpc,,,,,,,,,,,,,,,,,,,,,,,,,,,,
R,,AB,**,C:\CPCe_41_inst\So. Pagawanen\Transect 3\GOPR3191.JPG,C:\CPCe_41_inst\So. Pagawanen\Transect 3\GOPR3191.cpc,,,,,,,,,,,,,,,,,,,,,,,,,,,,
R,,AB,*,C:\CPCe_41_inst\So. Pagawanen\Transect 3\GOPR3192.JPG,C:\CPCe_41_inst\So. Pagawanen\Transect 3\GOPR3192.cpc,,,,,,,,,,,,,,,,,,,,,,,,,,,,
MA,,AL,,C:\CPCe_41_inst\So. Pagawanen\Transect 3\GOPR3192.JPG,C:\CPCe_41_inst\So. Pagawanen\Transect 3\GOPR3192.cpc,,,,,,,,,,,,,,,,,,,,,,,,,,,,
R,,AB,,C:\CPCe_41_inst\So. Pagawanen\Transect 3\GOPR3192.JPG,C:\CPCe_41_inst\So. Pagawanen\Transect 3\GOPR3192.cpc,,,,,,,,,,,,,,,,,,,,,,,,,,,,
DCA,,DC,,C:\CPCe_41_inst\So. Pagawanen\Transect 3\GOPR3192.JPG,C:\CPCe_41_inst\So. Pagawanen\Transect 3\GOPR3192.cpc,,,,,,,,,,,,,,,,,,,,,,,,,,,,
DC,,DC,,C:\CPCe_41_inst\So. Pagawanen\Transect 3\GOPR3192.JPG,C:\CPCe_41_inst\So. Pagawanen\Transect 3\GOPR3192.cpc,,,,,,,,,,,,,,,,,,,,,,,,,,,,
S,,AB,,C:\CPCe_41_inst\So. Pagawanen\Transect 3\GOPR3192.JPG,C:\CPCe_41_inst\So. Pagawanen\Transect 3\GOPR3192.cpc,,,,,,,,,,,,,,,,,,,,,,,,,,,,
S,,AB,,C:\CPCe_41_inst\So. Pagawanen\Transect 3\GOPR3192.JPG,C:\CPCe_41_inst\So. Pagawanen\Transect 3\GOPR3192.cpc,,,,,,,,,,,,,,,,,,,,,,,,,,,,
S,,AB,,C:\CPCe_41_inst\So. Pagawanen\Transect 3\GOPR3192.JPG,C:\CPCe_41_inst\So. Pagawanen\Transect 3\GOPR3192.cpc,,,,,,,,,,,,,,,,,,,,,,,,,,,,
S,,AB,,C:\CPCe_41_inst\So. Pagawanen\Transect 3\GOPR3192.JPG,C:\CPCe_41_inst\So. Pagawanen\Transect 3\GOPR3192.cpc,,,,,,,,,,,,,,,,,,,,,,,,,,,,
R,,AB,**,C:\CPCe_41_inst\So. Pagawanen\Transect 3\GOPR3192.JPG,C:\CPCe_41_inst\So. Pagawanen\Transect 3\GOPR3192.cpc,,,,,,,,,,,,,,,,,,,,,,,,,,,,
DCA,,DC,*,C:\CPCe_41_inst\So. Pagawanen\Transect 3\GOPR3193.JPG,C:\CPCe_41_inst\So. Pagawanen\Transect 3\GOPR3193.cpc,,,,,,,,,,,,,,,,,,,,,,,,,,,,
CM,,HC,,C:\CPCe_41_inst\So. Pagawanen\Transect 3\GOPR3193.JPG,C:\CPCe_41_inst\So. Pagawanen\Transect 3\GOPR3193.cpc,,,,,,,,,,,,,,,,,,,,,,,,,,,,
S,,AB,,C:\CPCe_41_inst\So. Pagawanen\Transect 3\GOPR3193.JPG,C:\CPCe_41_inst\So. Pagawanen\Transect 3\GOPR3193.cpc,,,,,,,,,,,,,,,,,,,,,,,,,,,,
DCA,,DC,,C:\CPCe_41_inst\So. Pagawanen\Transect 3\GOPR3193.JPG,C:\CPCe_41_inst\So. Pagawanen\Transect 3\GOPR3193.cpc,,,,,,,,,,,,,,,,,,,,,,,,,,,,
MA,,AL,,C:\CPCe_41_inst\So. Pagawanen\Transect 3\GOPR3193.JPG,C:\CPCe_41_inst\So. Pagawanen\Transect 3\GOPR3193.cpc,,,,,,,,,,,,,,,,,,,,,,,,,,,,
CM,,HC,,C:\CPCe_41_inst\So. Pagawanen\Transect 3\GOPR3193.JPG,C:\CPCe_41_inst\So. Pagawanen\Transect 3\GOPR3193.cpc,,,,,,,,,,,,,,,,,,,,,,,,,,,,
DCA,,DC,,C:\CPCe_41_inst\So. Pagawanen\Transect 3\GOPR3193.JPG,C:\CPCe_41_inst\So. Pagawanen\Transect 3\GOPR3193.cpc,,,,,,,,,,,,,,,,,,,,,,,,,,,,
CM,,HC,,C:\CPCe_41_inst\So. Pagawanen\Transect 3\GOPR3193.JPG,C:\CPCe_41_inst\So. Pagawanen\Transect 3\GOPR3193.cpc,,,,,,,,,,,,,,,,,,,,,,,,,,,,
S,,AB,,C:\CPCe_41_inst\So. Pagawanen\Transect 3\GOPR3193.JPG,C:\CPCe_41_inst\So. Pagawanen\Transect 3\GOPR3193.cpc,,,,,,,,,,,,,,,,,,,,,,,,,,,,
MA,,AL,**,C:\CPCe_41_inst\So. Pagawanen\Transect 3\GOPR3193.JPG,C:\CPCe_41_inst\So. Pagawanen\Transect 3\GOPR3193.cpc,,,,,,,,,,,,,,,,,,,,,,,,,,,,
MA,,AL,*,C:\CPCe_41_inst\So. Pagawanen\Transect 3\GOPR3194.JPG,C:\CPCe_41_inst\So. Pagawanen\Transect 3\GOPR3194.cpc,,,,,,,,,,,,,,,,,,,,,,,,,,,,
DC,,DC,,C:\CPCe_41_inst\So. Pagawanen\Transect 3\GOPR3194.JPG,C:\CPCe_41_inst\So. Pagawanen\Transect 3\GOPR3194.cpc,,,,,,,,,,,,,,,,,,,,,,,,,,,,
CF,,HC,,C:\CPCe_41_inst\So. Pagawanen\Transect 3\GOPR3194.JPG,C:\CPCe_41_inst\So. Pagawanen\Transect 3\GOPR3194.cpc,,,,,,,,,,,,,,,,,,,,,,,,,,,,
S,,AB,,C:\CPCe_41_inst\So. Pagawanen\Transect 3\GOPR3194.JPG,C:\CPCe_41_inst\So. Pagawanen\Transect 3\GOPR3194.cpc,,,,,,,,,,,,,,,,,,,,,,,,,,,,
CF,,HC,,C:\CPCe_41_inst\So. Pagawanen\Transect 3\GOPR3194.JPG,C:\CPCe_41_inst\So. Pagawanen\Transect 3\GOPR3194.cpc,,,,,,,,,,,,,,,,,,,,,,,,,,,,
MA,,AL,,C:\CPCe_41_inst\So. Pagawanen\Transect 3\GOPR3194.JPG,C:\CPCe_41_inst\So. Pagawanen\Transect 3\GOPR3194.cpc,,,,,,,,,,,,,,,,,,,,,,,,,,,,
CM,,HC,,C:\CPCe_41_inst\So. Pagawanen\Transect 3\GOPR3194.JPG,C:\CPCe_41_inst\So. Pagawanen\Transect 3\GOPR3194.cpc,,,,,,,,,,,,,,,,,,,,,,,,,,,,
CM,,HC,,C:\CPCe_41_inst\So. Pagawanen\Transect 3\GOPR3194.JPG,C:\CPCe_41_inst\So. Pagawanen\Transect 3\GOPR3194.cpc,,,,,,,,,,,,,,,,,,,,,,,,,,,,
CM,,HC,,C:\CPCe_41_inst\So. Pagawanen\Transect 3\GOPR3194.JPG,C:\CPCe_41_inst\So. Pagawanen\Transect 3\GOPR3194.cpc,,,,,,,,,,,,,,,,,,,,,,,,,,,,
S,,AB,**,C:\CPCe_41_inst\So. Pagawanen\Transect 3\GOPR3194.JPG,C:\CPCe_41_inst\So. Pagawanen\Transect 3\GOPR3194.cpc,,,,,,,,,,,,,,,,,,,,,,,,,,,,
S,,AB,*,C:\CPCe_41_inst\So. Pagawanen\Transect 3\GOPR3195.JPG,C:\CPCe_41_inst\So. Pagawanen\Transect 3\GOPR3195.cpc,,,,,,,,,,,,,,,,,,,,,,,,,,,,
MA,,AL,,C:\CPCe_41_inst\So. Pagawanen\Transect 3\GOPR3195.JPG,C:\CPCe_41_inst\So. Pagawanen\Transect 3\GOPR3195.cpc,,,,,,,,,,,,,,,,,,,,,,,,,,,,
MA,,AL,,C:\CPCe_41_inst\So. Pagawanen\Transect 3\GOPR3195.JPG,C:\CPCe_41_inst\So. Pagawanen\Transect 3\GOPR3195.cpc,,,,,,,,,,,,,,,,,,,,,,,,,,,,
S,,AB,,C:\CPCe_41_inst\So. Pagawanen\Transect 3\GOPR3195.JPG,C:\CPCe_41_inst\So. Pagawanen\Transect 3\GOPR3195.cpc,,,,,,,,,,,,,,,,,,,,,,,,,,,,
MA,,AL,,C:\CPCe_41_inst\So. Pagawanen\Transect 3\GOPR3195.JPG,C:\CPCe_41_inst\So. Pagawanen\Transect 3\GOPR3195.cpc,,,,,,,,,,,,,,,,,,,,,,,,,,,,
DCA,,DC,,C:\CPCe_41_inst\So. Pagawanen\Transect 3\GOPR3195.JPG,C:\CPCe_41_inst\So. Pagawanen\Transect 3\GOPR3195.cpc,,,,,,,,,,,,,,,,,,,,,,,,,,,,
MA,,AL,,C:\CPCe_41_inst\So. Pagawanen\Transect 3\GOPR3195.JPG,C:\CPCe_41_inst\So. Pagawanen\Transect 3\GOPR3195.cpc,,,,,,,,,,,,,,,,,,,,,,,,,,,,
CM,,HC,,C:\CPCe_41_inst\So. Pagawanen\Transect 3\GOPR3195.JPG,C:\CPCe_41_inst\So. Pagawanen\Transect 3\GOPR3195.cpc,,,,,,,,,,,,,,,,,,,,,,,,,,,,
S,,AB,,C:\CPCe_41_inst\So. Pagawanen\Transect 3\GOPR3195.JPG,C:\CPCe_41_inst\So. Pagawanen\Transect 3\GOPR3195.cpc,,,,,,,,,,,,,,,,,,,,,,,,,,,,
S,,AB,**,C:\CPCe_41_inst\So. Pagawanen\Transect 3\GOPR3195.JPG,C:\CPCe_41_inst\So. Pagawanen\Transect 3\GOPR3195.cpc,,,,,,,,,,,,,,,,,,,,,,,,,,,,
S,,AB,*,C:\CPCe_41_inst\So. Pagawanen\Transect 3\GOPR3196.JPG,C:\CPCe_41_inst\So. Pagawanen\Transect 3\GOPR3196.cpc,,,,,,,,,,,,,,,,,,,,,,,,,,,,
S,,AB,,C:\CPCe_41_inst\So. Pagawanen\Transect 3\GOPR3196.JPG,C:\CPCe_41_inst\So. Pagawanen\Transect 3\GOPR3196.cpc,,,,,,,,,,,,,,,,,,,,,,,,,,,,
S,,AB,,C:\CPCe_41_inst\So. Pagawanen\Transect 3\GOPR3196.JPG,C:\CPCe_41_inst\So. Pagawanen\Transect 3\GOPR3196.cpc,,,,,,,,,,,,,,,,,,,,,,,,,,,,
S,,AB,,C:\CPCe_41_inst\So. Pagawanen\Transect 3\GOPR3196.JPG,C:\CPCe_41_inst\So. Pagawanen\Transect 3\GOPR3196.cpc,,,,,,,,,,,,,,,,,,,,,,,,,,,,
HA,,AL,,C:\CPCe_41_inst\So. Pagawanen\Transect 3\GOPR3196.JPG,C:\CPCe_41_inst\So. Pagawanen\Transect 3\GOPR3196.cpc,,,,,,,,,,,,,,,,,,,,,,,,,,,,
S,,AB,,C:\CPCe_41_inst\So. Pagawanen\Transect 3\GOPR3196.JPG,C:\CPCe_41_inst\So. Pagawanen\Transect 3\GOPR3196.cpc,,,,,,,,,,,,,,,,,,,,,,,,,,,,
TWB,,TWB,,C:\CPCe_41_inst\So. Pagawanen\Transect 3\GOPR3196.JPG,C:\CPCe_41_inst\So. Pagawanen\Transect 3\GOPR3196.cpc,,,,,,,,,,,,,,,,,,,,,,,,,,,,
S,,AB,,C:\CPCe_41_inst\So. Pagawanen\Transect 3\GOPR3196.JPG,C:\CPCe_41_inst\So. Pagawanen\Transect 3\GOPR3196.cpc,,,,,,,,,,,,,,,,,,,,,,,,,,,,
S,,AB,,C:\CPCe_41_inst\So. Pagawanen\Transect 3\GOPR3196.JPG,C:\CPCe_41_inst\So. Pagawanen\Transect 3\GOPR3196.cpc,,,,,,,,,,,,,,,,,,,,,,,,,,,,
S,,AB,**,C:\CPCe_41_inst\So. Pagawanen\Transect 3\GOPR3196.JPG,C:\CPCe_41_inst\So. Pagawanen\Transect 3\GOPR3196.cpc,,,,,,,,,,,,,,,,,,,,,,,,,,,,
S,,AB,*,C:\CPCe_41_inst\So. Pagawanen\Transect 3\GOPR3197.JPG,C:\CPCe_41_inst\So. Pagawanen\Transect 3\GOPR3197.cpc,,,,,,,,,,,,,,,,,,,,,,,,,,,,
S,,AB,,C:\CPCe_41_inst\So. Pagawanen\Transect 3\GOPR3197.JPG,C:\CPCe_41_inst\So. Pagawanen\Transect 3\GOPR3197.cpc,,,,,,,,,,,,,,,,,,,,,,,,,,,,
CM,,HC,,C:\CPCe_41_inst\So. Pagawanen\Transect 3\GOPR3197.JPG,C:\CPCe_41_inst\So. Pagawanen\Transect 3\GOPR3197.cpc,,,,,,,,,,,,,,,,,,,,,,,,,,,,
S,,AB,,C:\CPCe_41_inst\So. Pagawanen\Transect 3\GOPR3197.JPG,C:\CPCe_41_inst\So. Pagawanen\Transect 3\GOPR3197.cpc,,,,,,,,,,,,,,,,,,,,,,,,,,,,
S,,AB,,C:\CPCe_41_inst\So. Pagawanen\Transect 3\GOPR3197.JPG,C:\CPCe_41_inst\So. Pagawanen\Transect 3\GOPR3197.cpc,,,,,,,,,,,,,,,,,,,,,,,,,,,,
DC,,DC,,C:\CPCe_41_inst\So. Pagawanen\Transect 3\GOPR3197.JPG,C:\CPCe_41_inst\So. Pagawanen\Transect 3\GOPR3197.cpc,,,,,,,,,,,,,,,,,,,,,,,,,,,,
S,,AB,,C:\CPCe_41_inst\So. Pagawanen\Transect 3\GOPR3197.JPG,C:\CPCe_41_inst\So. Pagawanen\Transect 3\GOPR3197.cpc,,,,,,,,,,,,,,,,,,,,,,,,,,,,
S,,AB,,C:\CPCe_41_inst\So. Pagawanen\Transect 3\GOPR3197.JPG,C:\CPCe_41_inst\So. Pagawanen\Transect 3\GOPR3197.cpc,,,,,,,,,,,,,,,,,,,,,,,,,,,,
S,,AB,,C:\CPCe_41_inst\So. Pagawanen\Transect 3\GOPR3197.JPG,C:\CPCe_41_inst\So. Pagawanen\Transect 3\GOPR3197.cpc,,,,,,,,,,,,,,,,,,,,,,,,,,,,
MA,,AL,**,C:\CPCe_41_inst\So. Pagawanen\Transect 3\GOPR3197.JPG,C:\CPCe_41_inst\So. Pagawanen\Transect 3\GOPR3197.cpc,,,,,,,,,,,,,,,,,,,,,,,,,,,,
MA,,AL,*,C:\CPCe_41_inst\So. Pagawanen\Transect 3\GOPR3198.JPG,C:\CPCe_41_inst\So. Pagawanen\Transect 3\GOPR3198.cpc,,,,,,,,,,,,,,,,,,,,,,,,,,,,
MA,,AL,,C:\CPCe_41_inst\So. Pagawanen\Transect 3\GOPR3198.JPG,C:\CPCe_41_inst\So. Pagawanen\Transect 3\GOPR3198.cpc,,,,,,,,,,,,,,,,,,,,,,,,,,,,
MA,,AL,,C:\CPCe_41_inst\So. Pagawanen\Transect 3\GOPR3198.JPG,C:\CPCe_41_inst\So. Pagawanen\Transect 3\GOPR3198.cpc,,,,,,,,,,,,,,,,,,,,,,,,,,,,
S,,AB,,C:\CPCe_41_inst\So. Pagawanen\Transect 3\GOPR3198.JPG,C:\CPCe_41_inst\So. Pagawanen\Transect 3\GOPR3198.cpc,,,,,,,,,,,,,,,,,,,,,,,,,,,,
S,,AB,,C:\CPCe_41_inst\So. Pagawanen\Transect 3\GOPR3198.JPG,C:\CPCe_41_inst\So. Pagawanen\Transect 3\GOPR3198.cpc,,,,,,,,,,,,,,,,,,,,,,,,,,,,
MA,,AL,,C:\CPCe_41_inst\So. Pagawanen\Transect 3\GOPR3198.JPG,C:\CPCe_41_inst\So. Pagawanen\Transect 3\GOPR3198.cpc,,,,,,,,,,,,,,,,,,,,,,,,,,,,
DC,,DC,,C:\CPCe_41_inst\So. Pagawanen\Transect 3\GOPR3198.JPG,C:\CPCe_41_inst\So. Pagawanen\Transect 3\GOPR3198.cpc,,,,,,,,,,,,,,,,,,,,,,,,,,,,
MA,,AL,,C:\CPCe_41_inst\So. Pagawanen\Transect 3\GOPR3198.JPG,C:\CPCe_41_inst\So. Pagawanen\Transect 3\GOPR3198.cpc,,,,,,,,,,,,,,,,,,,,,,,,,,,,
MA,,AL,,C:\CPCe_41_inst\So. Pagawanen\Transect 3\GOPR3198.JPG,C:\CPCe_41_inst\So. Pagawanen\Transect 3\GOPR3198.cpc,,,,,,,,,,,,,,,,,,,,,,,,,,,,
S,,AB,**,C:\CPCe_41_inst\So. Pagawanen\Transect 3\GOPR3198.JPG,C:\CPCe_41_inst\So. Pagawanen\Transect 3\GOPR3198.cpc,,,,,,,,,,,,,,,,,,,,,,,,,,,,
MA,,AL,*,C:\CPCe_41_inst\So. Pagawanen\Transect 3\GOPR3199.JPG,C:\CPCe_41_inst\So. Pagawanen\Transect 3\GOPR3199.cpc,,,,,,,,,,,,,,,,,,,,,,,,,,,,
MA,,AL,,C:\CPCe_41_inst\So. Pagawanen\Transect 3\GOPR3199.JPG,C:\CPCe_41_inst\So. Pagawanen\Transect 3\GOPR3199.cpc,,,,,,,,,,,,,,,,,,,,,,,,,,,,
MA,,AL,,C:\CPCe_41_inst\So. Pagawanen\Transect 3\GOPR3199.JPG,C:\CPCe_41_inst\So. Pagawanen\Transect 3\GOPR3199.cpc,,,,,,,,,,,,,,,,,,,,,,,,,,,,
MA,,AL,,C:\CPCe_41_inst\So. Pagawanen\Transect 3\GOPR3199.JPG,C:\CPCe_41_inst\So. Pagawanen\Transect 3\GOPR3199.cpc,,,,,,,,,,,,,,,,,,,,,,,,,,,,
MA,,AL,,C:\CPCe_41_inst\So. Pagawanen\Transect 3\GOPR3199.JPG,C:\CPCe_41_inst\So. Pagawanen\Transect 3\GOPR3199.cpc,,,,,,,,,,,,,,,,,,,,,,,,,,,,
MA,,AL,,C:\CPCe_41_inst\So. Pagawanen\Transect 3\GOPR3199.JPG,C:\CPCe_41_inst\So. Pagawanen\Transect 3\GOPR3199.cpc,,,,,,,,,,,,,,,,,,,,,,,,,,,,
MA,,AL,,C:\CPCe_41_inst\So. Pagawanen\Transect 3\GOPR3199.JPG,C:\CPCe_41_inst\So. Pagawanen\Transect 3\GOPR3199.cpc,,,,,,,,,,,,,,,,,,,,,,,,,,,,
MA,,AL,,C:\CPCe_41_inst\So. Pagawanen\Transect 3\GOPR3199.JPG,C:\CPCe_41_inst\So. Pagawanen\Transect 3\GOPR3199.cpc,,,,,,,,,,,,,,,,,,,,,,,,,,,,
MA,,AL,,C:\CPCe_41_inst\So. Pagawanen\Transect 3\GOPR3199.JPG,C:\CPCe_41_inst\So. Pagawanen\Transect 3\GOPR3199.cpc,,,,,,,,,,,,,,,,,,,,,,,,,,,,
MA,,AL,**,C:\CPCe_41_inst\So. Pagawanen\Transect 3\GOPR3199.JPG,C:\CPCe_41_inst\So. Pagawanen\Transect 3\GOPR3199.cpc,,,,,,,,,,,,,,,,,,,,,,,,,,,,
MA,,AL,*,C:\CPCe_41_inst\So. Pagawanen\Transect 3\GOPR3200.JPG,C:\CPCe_41_inst\So. Pagawanen\Transect 3\GOPR3200.cpc,,,,,,,,,,,,,,,,,,,,,,,,,,,,
CM,,HC,,C:\CPCe_41_inst\So. Pagawanen\Transect 3\GOPR3200.JPG,C:\CPCe_41_inst\So. Pagawanen\Transect 3\GOPR3200.cpc,,,,,,,,,,,,,,,,,,,,,,,,,,,,
MA,,AL,,C:\CPCe_41_inst\So. Pagawanen\Transect 3\GOPR3200.JPG,C:\CPCe_41_inst\So. Pagawanen\Transect 3\GOPR3200.cpc,,,,,,,,,,,,,,,,,,,,,,,,,,,,
CM,,HC,,C:\CPCe_41_inst\So. Pagawanen\Transect 3\GOPR3200.JPG,C:\CPCe_41_inst\So. Pagawanen\Transect 3\GOPR3200.cpc,,,,,,,,,,,,,,,,,,,,,,,,,,,,
S,,AB,,C:\CPCe_41_inst\So. Pagawanen\Transect 3\GOPR3200.JPG,C:\CPCe_41_inst\So. Pagawanen\Transect 3\GOPR3200.cpc,,,,,,,,,,,,,,,,,,,,,,,,,,,,
CM,,HC,,C:\CPCe_41_inst\So. Pagawanen\Transect 3\GOPR3200.JPG,C:\CPCe_41_inst\So. Pagawanen\Transect 3\GOPR3200.cpc,,,,,,,,,,,,,,,,,,,,,,,,,,,,
CM,,HC,,C:\CPCe_41_inst\So. Pagawanen\Transect 3\GOPR3200.JPG,C:\CPCe_41_inst\So. Pagawanen\Transect 3\GOPR3200.cpc,,,,,,,,,,,,,,,,,,,,,,,,,,,,
CM,,HC,,C:\CPCe_41_inst\So. Pagawanen\Transect 3\GOPR3200.JPG,C:\CPCe_41_inst\So. Pagawanen\Transect 3\GOPR3200.cpc,,,,,,,,,,,,,,,,,,,,,,,,,,,,
S,,AB,,C:\CPCe_41_inst\So. Pagawanen\Transect 3\GOPR3200.JPG,C:\CPCe_41_inst\So. Pagawanen\Transect 3\GOPR3200.cpc,,,,,,,,,,,,,,,,,,,,,,,,,,,,
MA,,AL,**,C:\CPCe_41_inst\So. Pagawanen\Transect 3\GOPR3200.JPG,C:\CPCe_41_inst\So. Pagawanen\Transect 3\GOPR3200.cpc,,,,,,,,,,,,,,,,,,,,,,,,,,,,
MA,,AL,*,C:\CPCe_41_inst\So. Pagawanen\Transect 3\GOPR3201.JPG,C:\CPCe_41_inst\So. Pagawanen\Transect 3\GOPR3201.cpc,,,,,,,,,,,,,,,,,,,,,,,,,,,,
OT,,OO,,C:\CPCe_41_inst\So. Pagawanen\Transect 3\GOPR3201.JPG,C:\CPCe_41_inst\So. Pagawanen\Transect 3\GOPR3201.cpc,,,,,,,,,,,,,,,,,,,,,,,,,,,,
MA,,AL,,C:\CPCe_41_inst\So. Pagawanen\Transect 3\GOPR3201.JPG,C:\CPCe_41_inst\So. Pagawanen\Transect 3\GOPR3201.cpc,,,,,,,,,,,,,,,,,,,,,,,,,,,,
S,,AB,,C:\CPCe_41_inst\So. Pagawanen\Transect 3\GOPR3201.JPG,C:\CPCe_41_inst\So. Pagawanen\Transect 3\GOPR3201.cpc,,,,,,,,,,,,,,,,,,,,,,,,,,,,
OT,,OO,,C:\CPCe_41_inst\So. Pagawanen\Transect 3\GOPR3201.JPG,C:\CPCe_41_inst\So. Pagawanen\Transect 3\GOPR3201.cpc,,,,,,,,,,,,,,,,,,,,,,,,,,,,
S,,AB,,C:\CPCe_41_inst\So. Pagawanen\Transect 3\GOPR3201.JPG,C:\CPCe_41_inst\So. Pagawanen\Transect 3\GOPR3201.cpc,,,,,,,,,,,,,,,,,,,,,,,,,,,,
S,,AB,,C:\CPCe_41_inst\So. Pagawanen\Transect 3\GOPR3201.JPG,C:\CPCe_41_inst\So. Pagawanen\Transect 3\GOPR3201.cpc,,,,,,,,,,,,,,,,,,,,,,,,,,,,
S,,AB,,C:\CPCe_41_inst\So. Pagawanen\Transect 3\GOPR3201.JPG,C:\CPCe_41_inst\So. Pagawanen\Transect 3\GOPR3201.cpc,,,,,,,,,,,,,,,,,,,,,,,,,,,,
DC,,DC,,C:\CPCe_41_inst\So. Pagawanen\Transect 3\GOPR3201.JPG,C:\CPCe_41_inst\So. Pagawanen\Transect 3\GOPR3201.cpc,,,,,,,,,,,,,,,,,,,,,,,,,,,,
CM,,HC,**,C:\CPCe_41_inst\So. Pagawanen\Transect 3\GOPR3201.JPG,C:\CPCe_41_inst\So. Pagawanen\Transect 3\GOPR3201.cpc,,,,,,,,,,,,,,,,,,,,,,,,,,,,
R,,AB,*,C:\CPCe_41_inst\So. Pagawanen\Transect 3\GOPR3202.JPG,C:\CPCe_41_inst\So. Pagawanen\Transect 3\GOPR3202.cpc,,,,,,,,,,,,,,,,,,,,,,,,,,,,
R,,AB,,C:\CPCe_41_inst\So. Pagawanen\Transect 3\GOPR3202.JPG,C:\CPCe_41_inst\So. Pagawanen\Transect 3\GOPR3202.cpc,,,,,,,,,,,,,,,,,,,,,,,,,,,,
DCA,,DC,,C:\CPCe_41_inst\So. Pagawanen\Transect 3\GOPR3202.JPG,C:\CPCe_41_inst\So. Pagawanen\Transect 3\GOPR3202.cpc,,,,,,,,,,,,,,,,,,,,,,,,,,,,
DCA,,DC,,C:\CPCe_41_inst\So. Pagawanen\Transect 3\GOPR3202.JPG,C:\CPCe_41_inst\So. Pagawanen\Transect 3\GOPR3202.cpc,,,,,,,,,,,,,,,,,,,,,,,,,,,,
S,,AB,,C:\CPCe_41_inst\So. Pagawanen\Transect 3\GOPR3202.JPG,C:\CPCe_41_inst\So. Pagawanen\Transect 3\GOPR3202.cpc,,,,,,,,,,,,,,,,,,,,,,,,,,,,
CM,,HC,,C:\CPCe_41_inst\So. Pagawanen\Transect 3\GOPR3202.JPG,C:\CPCe_41_inst\So. Pagawanen\Transect 3\GOPR3202.cpc,,,,,,,,,,,,,,,,,,,,,,,,,,,,
R,,AB,,C:\CPCe_41_inst\So. Pagawanen\Transect 3\GOPR3202.JPG,C:\CPCe_41_inst\So. Pagawanen\Transect 3\GOPR3202.cpc,,,,,,,,,,,,,,,,,,,,,,,,,,,,
R,,AB,,C:\CPCe_41_inst\So. Pagawanen\Transect 3\GOPR3202.JPG,C:\CPCe_41_inst\So. Pagawanen\Transect 3\GOPR3202.cpc,,,,,,,,,,,,,,,,,,,,,,,,,,,,
SP,,OO,,C:\CPCe_41_inst\So. Pagawanen\Transect 3\GOPR3202.JPG,C:\CPCe_41_inst\So. Pagawanen\Transect 3\GOPR3202.cpc,,,,,,,,,,,,,,,,,,,,,,,,,,,,
R,,AB,**,C:\CPCe_41_inst\So. Pagawanen\Transect 3\GOPR3202.JPG,C:\CPCe_41_inst\So. Pagawanen\Transect 3\GOPR3202.cpc,,,,,,,,,,,,,,,,,,,,,,,,,,,,
S,,AB,*,C:\CPCe_41_inst\So. Pagawanen\Transect 3\GOPR3203.JPG,C:\CPCe_41_inst\So. Pagawanen\Transect 3\GOPR3203.cpc,,,,,,,,,,,,,,,,,,,,,,,,,,,,
TWB,,TWB,,C:\CPCe_41_inst\So. Pagawanen\Transect 3\GOPR3203.JPG,C:\CPCe_41_inst\So. Pagawanen\Transect 3\GOPR3203.cpc,,,,,,,,,,,,,,,,,,,,,,,,,,,,
S,,AB,,C:\CPCe_41_inst\So. Pagawanen\Transect 3\GOPR3203.JPG,C:\CPCe_41_inst\So. Pagawanen\Transect 3\GOPR3203.cpc,,,,,,,,,,,,,,,,,,,,,,,,,,,,
S,,AB,,C:\CPCe_41_inst\So. Pagawanen\Transect 3\GOPR3203.JPG,C:\CPCe_41_inst\So. Pagawanen\Transect 3\GOPR3203.cpc,,,,,,,,,,,,,,,,,,,,,,,,,,,,
MA,,AL,,C:\CPCe_41_inst\So. Pagawanen\Transect 3\GOPR3203.JPG,C:\CPCe_41_inst\So. Pagawanen\Transect 3\GOPR3203.cpc,,,,,,,,,,,,,,,,,,,,,,,,,,,,
S,,AB,,C:\CPCe_41_inst\So. Pagawanen\Transect 3\GOPR3203.JPG,C:\CPCe_41_inst\So. Pagawanen\Transect 3\GOPR3203.cpc,,,,,,,,,,,,,,,,,,,,,,,,,,,,
TWB,,TWB,,C:\CPCe_41_inst\So. Pagawanen\Transect 3\GOPR3203.JPG,C:\CPCe_41_inst\So. Pagawanen\Transect 3\GOPR3203.cpc,,,,,,,,,,,,,,,,,,,,,,,,,,,,
S,,AB,,C:\CPCe_41_inst\So. Pagawanen\Transect 3\GOPR3203.JPG,C:\CPCe_41_inst\So. Pagawanen\Transect 3\GOPR3203.cpc,,,,,,,,,,,,,,,,,,,,,,,,,,,,
S,,AB,,C:\CPCe_41_inst\So. Pagawanen\Transect 3\GOPR3203.JPG,C:\CPCe_41_inst\So. Pagawanen\Transect 3\GOPR3203.cpc,,,,,,,,,,,,,,,,,,,,,,,,,,,,
MA,,AL,**,C:\CPCe_41_inst\So. Pagawanen\Transect 3\GOPR3203.JPG,C:\CPCe_41_inst\So. Pagawanen\Transect 3\GOPR3203.cpc,,,,,,,,,,,,,,,,,,,,,,,,,,,,
MA,,AL,*,C:\CPCe_41_inst\So. Pagawanen\Transect 3\GOPR3204 - Copy.JPG,C:\CPCe_41_inst\So. Pagawanen\Transect 3\GOPR3204 - Copy.cpc,,,,,,,,,,,,,,,,,,,,,,,,,,,,
S,,AB,,C:\CPCe_41_inst\So. Pagawanen\Transect 3\GOPR3204 - Copy.JPG,C:\CPCe_41_inst\So. Pagawanen\Transect 3\GOPR3204 - Copy.cpc,,,,,,,,,,,,,,,,,,,,,,,,,,,,
S,,AB,,C:\CPCe_41_inst\So. Pagawanen\Transect 3\GOPR3204 - Copy.JPG,C:\CPCe_41_inst\So. Pagawanen\Transect 3\GOPR3204 - Copy.cpc,,,,,,,,,,,,,,,,,,,,,,,,,,,,
S,,AB,,C:\CPCe_41_inst\So. Pagawanen\Transect 3\GOPR3204 - Copy.JPG,C:\CPCe_41_inst\So. Pagawanen\Transect 3\GOPR3204 - Copy.cpc,,,,,,,,,,,,,,,,,,,,,,,,,,,,
S,,AB,,C:\CPCe_41_inst\So. Pagawanen\Transect 3\GOPR3204 - Copy.JPG,C:\CPCe_41_inst\So. Pagawanen\Transect 3\GOPR3204 - Copy.cpc,,,,,,,,,,,,,,,,,,,,,,,,,,,,
S,,AB,,C:\CPCe_41_inst\So. Pagawanen\Transect 3\GOPR3204 - Copy.JPG,C:\CPCe_41_inst\So. Pagawanen\Transect 3\GOPR3204 - Copy.cpc,,,,,,,,,,,,,,,,,,,,,,,,,,,,
S,,AB,,C:\CPCe_41_inst\So. Pagawanen\Transect 3\GOPR3204 - Copy.JPG,C:\CPCe_41_inst\So. Pagawanen\Transect 3\GOPR3204 - Copy.cpc,,,,,,,,,,,,,,,,,,,,,,,,,,,,
TWB,,TWB,,C:\CPCe_41_inst\So. Pagawanen\Transect 3\GOPR3204 - Copy.JPG,C:\CPCe_41_inst\So. Pagawanen\Transect 3\GOPR3204 - Copy.cpc,,,,,,,,,,,,,,,,,,,,,,,,,,,,
S,,AB,,C:\CPCe_41_inst\So. Pagawanen\Transect 3\GOPR3204 - Copy.JPG,C:\CPCe_41_inst\So. Pagawanen\Transect 3\GOPR3204 - Copy.cpc,,,,,,,,,,,,,,,,,,,,,,,,,,,,
S,,AB,**,C:\CPCe_41_inst\So. Pagawanen\Transect 3\GOPR3204 - Copy.JPG,C:\CPCe_41_inst\So. Pagawanen\Transect 3\GOPR3204 - Copy.cpc,,,,,,,,,,,,,,,,,,,,,,,,,,,,
,,,,,,,,,,,,,,,,,,,,,,,,,,,,,,,,,
